id	name	district	lat	long
1	Baker Middle School	Baker SD 5J	44.7773595	-117.8348594
2	Brooklyn Primary School	Baker SD 5J	44.7773273	-117.8212385
4	Haines Elementary School	Baker SD 5J	43.8041334	-120.5542012
5	Keating Elementary School	Baker SD 5J	44.7748748	-117.8343848
7	South Baker Intermediate School	Baker SD 5J	44.7704957	-117.833804
8	Baker High School	Baker SD 5J	44.787324	-117.8383836
15	Pine Eagle Charter School	Pine Eagle SD 61	44.8827209	-117.1161117
17	Alsea Charter School	Alsea SD 7J	44.3808631	-123.5951232
18	Blodgett Elementary School	Philomath SD 17J		
20	Philomath Elementary School	Philomath SD 17J		
21	Philomath Middle School	Philomath SD 17J		
22	Philomath High School	Philomath SD 17J		
27	Adams Elementary School	Corvallis SD 509J	44.5514852	-123.2882968
28	Cheldelin Middle School	Corvallis SD 509J	44.601108	-123.237339
30	Garfield Elementary School	Corvallis SD 509J	44.583626	-123.264741
33	Bessie Coleman Elementary School	Corvallis SD 509J	44.592501	-123.292581
35	Kathryn Jones Harrison Elementary School	Corvallis SD 509J	44.5859542	-123.2806317
36	Lincoln Elementary School	Corvallis SD 509J	44.5449908	-123.2655722
37	Mt View Elementary School	Corvallis SD 509J	44.6284389	-123.2394825
38	Linus Pauling Middle School	Corvallis SD 509J	44.5865632	-123.2637668
39	Letitia Carson Elementary School	Corvallis SD 509J	44.59520999999999	-123.256477
40	Corvallis High School	Corvallis SD 509J	44.574988	-123.2681564
41	Crescent Valley High School	Corvallis SD 509J	44.615625	-123.263791
43	Monroe High School	Monroe SD 1J	44.3183227	-123.2974956
45	Cedaroak Park Primary School	West Linn-Wilsonville SD 3J	45.3886089	-122.6340674
46	Inza R Wood Middle School	West Linn-Wilsonville SD 3J	45.30128699999999	-122.7930873
47	Stafford Primary School	West Linn-Wilsonville SD 3J	45.3776901	-122.702575
48	Sunset Primary School	West Linn-Wilsonville SD 3J	45.36152939999999	-122.6272601
51	West Linn High School	West Linn-Wilsonville SD 3J	45.3640822	-122.6163404
53	Forest Hills Elementary School	Lake Oswego SD 7J	45.4260187	-122.6762199
54	Hallinan Elementary School	Lake Oswego SD 7J	45.4045599	-122.664459
55	Lake Grove Elementary School	Lake Oswego SD 7J	45.4122962	-122.7191952
56	River Grove Elementary School	Lake Oswego SD 7J	45.3893336	-122.7363354
58	Westridge Elementary School	Lake Oswego SD 7J	45.3950348	-122.7120242
59	Lake Oswego Middle School	Lake Oswego SD 7J	45.4192504	-122.6629863
60	Lakeridge Middle School	Lake Oswego SD 7J	45.3961964	-122.7267347
61	Lake Oswego High School	Lake Oswego SD 7J	45.4271551	-122.7021062
62	Lakeridge High School	Lake Oswego SD 7J	45.3976014	-122.6937915
65	Bilquist Elementary School	North Clackamas SD 12	45.4094977	-122.5886912
72	Whitcomb Elementary School	North Clackamas SD 12	45.4424998	-122.5871259
76	Riverside Elementary School	North Clackamas SD 12		
78	Sunnyside Elementary School	North Clackamas SD 12	45.4256643	-122.5287081
79	View Acres Elementary School	North Clackamas SD 12	45.4176085	-122.6129917
84	Rowe Middle School	North Clackamas SD 12		
85	Clackamas High School	North Clackamas SD 12		
86	Milwaukie High School	North Clackamas SD 12		
87	Putnam High School	North Clackamas SD 12		
88	Welches Elementary School	Oregon Trail SD 46	45.3435041	-121.9487035
90	Deep Creek – Damascus K-8 School	Gresham-Barlow SD 10J	45.4097747	-122.4227066
92	Carus School	Canby SD 86	45.270742	-122.571908
93	Clarkes Elementary School	Molalla River SD 35	45.2151718	-122.4738922
94	Molalla Elementary School	Molalla River SD 35	45.153543	-122.5946799
95	Molalla River Middle School	Molalla River SD 35	45.1511417	-122.589036
96	Naas Elementary School	Oregon Trail SD 46	45.4343595	-122.3784464
97	Boring Middle School	Oregon Trail SD 46	45.43243400000001	-122.3774477
99	Kelso Elementary School	Oregon Trail SD 46	45.4205101	-122.3069051
100	Sandy Grade School	Oregon Trail SD 46	45.3983032	-122.2624711
101	Firwood Elementary School	Oregon Trail SD 46	45.3742189	-122.2217469
102	Cedar Ridge Middle School	Oregon Trail SD 46	45.4000362	-122.2704124
103	Colton Elementary School	Colton SD 53	45.1656397	-122.4174666
104	Colton High School	Colton SD 53	45.17058189999999	-122.4388177
105	Beavercreek Elementary School	Oregon City SD 62	45.2886045	-122.5165557
106	Candy Lane Elementary School	Oregon City SD 62	45.3932589	-122.6026452
107	Holcomb Elementary School	Oregon City SD 62	45.374407	-122.565338
109	Gaffney Lane Elementary School	Oregon City SD 62	45.32527779999999	-122.5905366
114	John McLoughlin Elementary School	Oregon City SD 62	45.3279062	-122.629073
115	Gardiner Middle School	Oregon City SD 62	45.3380834	-122.6017788
116	Tumwata Middle School	Oregon City SD 62	45.35622960000001	-122.5764057
118	Oregon City Senior High School	Oregon City SD 62	45.3202735	-122.5608224
119	Butte Creek Elementary School	Silver Falls SD 4J		
121	Mulino Elementary School	Molalla River SD 35	45.220529	-122.580668
122	William Knight Elementary School	Canby SD 86	45.2649486	-122.6979331
124	Howard Eccles Elementary School	Canby SD 86	45.2638367	-122.7014672
127	Ninety-One School	Canby SD 86	45.1773166	-122.7456898
128	Rural Dell Elementary School	Molalla River SD 35	45.1486244	-122.6510391
131	Clackamas River Elementary School	Estacada SD 108	45.2913228	-122.3325804
132	River Mill Elementary School	Estacada SD 108	45.29685019999999	-122.3347377
134	Estacada Middle School	Estacada SD 108	45.2936056	-122.3332086
135	Estacada High School	Estacada SD 108	45.2955106	-122.3315448
136	John Wetten Elementary School	Gladstone SD 115	45.3824149	-122.5930707
137	Walter L Kraxberger Middle School	Gladstone SD 115	45.389014	-122.5931807
138	Gladstone High School	Gladstone SD 115	45.38716549999999	-122.5972446
139	Redland Elementary School	Oregon City SD 62	45.3454	-122.4926673
140	Canby High School	Canby SD 86	45.2575423	-122.6987776
141	Sandy High School	Oregon Trail SD 46	45.4064726	-122.2777783
142	Molalla High School	Molalla River SD 35	45.1541489	-122.5687
144	Astoria Middle School	Astoria SD 1	46.1794485	-123.8315703
146	Astoria Senior High School	Astoria SD 1	46.175985	-123.848337
147	Lewis & Clark Elementary School	Astoria SD 1	46.1478063	-123.8424044
150	Seaside Middle School	Seaside SD 10	45.9869632	-123.9005182
152	Pacific Ridge Elementary School	Seaside SD 10	45.9873304	-123.907846
154	Seaside High School	Seaside SD 10	45.9867324	-123.900505
156	Warrenton Grade School	Warrenton-Hammond SD 30	46.1584406	-123.9316039
157	Warrenton High School	Warrenton-Hammond SD 30	46.1471794	-123.9280986
158	Grant Watts Elementary School	Scappoose SD 1J	45.749718	-122.8728256
159	Otto Petersen Elementary School	Scappoose SD 1J	45.7503756	-122.8749499
160	Warren Elementary School	Scappoose SD 1J	45.8126602	-122.8551483
161	Scappoose Middle School	Scappoose SD 1J	45.75356379999999	-122.8787206
162	Scappoose High School	Scappoose SD 1J	45.7484409	-122.8745473
163	Clatskanie Elementary School	Clatskanie SD 6J	46.0992393	-123.2064056
166	Hilda Lahti Elementary School	Knappa SD 4	46.1630363	-123.6246948
168	Clatskanie Middle/High School	Clatskanie SD 6J	46.1009825	-123.211309
169	Knappa High School	Knappa SD 4	46.162527	-123.6222228
171	Hudson Park Elementary School	Rainier SD 13	46.0912836	-122.9890732
174	Rainier Jr/Sr High School	Rainier SD 13	46.0891348	-122.9359776
176	Mist Elementary School	Vernonia SD 47J	46.0000388	-123.251836
177	Vernonia Elementary School	Vernonia SD 47J	45.8602675	-123.1788483
178	Vernonia High School	Vernonia SD 47J	45.8607794	-123.1788
179	Columbia City School	St Helens SD 502	45.8918718	-122.8092821
182	McBride Elementary School	St Helens SD 502	45.8557407	-122.8387129
184	St Helens Middle School	St Helens SD 502	45.8636494	-122.8134978
185	St Helens High School	St Helens SD 502	45.8494065	-122.8340793
191	Coquille Junior Senior High	Coquille SD 8	43.1860485	-124.1944276
197	Millicoma School	Coos Bay SD 9	43.366353	-124.1974035
199	Sunset School	Coos Bay SD 9	43.3895866	-124.2735105
201	Marshfield Senior High School	Coos Bay SD 9	43.3604448	-124.2214078
204	Hillcrest Elementary School	North Bend SD 13	43.4025341	-124.2284762
205	North Bay Elementary School	North Bend SD 13	43.5017051	-124.2108306
208	North Bend Middle School	North Bend SD 13	43.3988219	-124.2328382
209	North Bend Senior High School	North Bend SD 13	43.4065012	-124.2242803
210	Powers Elementary School	Powers SD 31	42.8806511	-124.0680487
211	Powers High School	Powers SD 31	42.8810005	-124.0666275
214	Myrtle Crest School	Myrtle Point SD 41	43.0601786	-124.1310378
215	Myrtle Point High School	Myrtle Point SD 41	43.0609038	-124.1424533
216	Harbor Lights Middle School	Bandon SD 54	43.1156689	-124.4191429
217	Ocean Crest Elementary School	Bandon SD 54	43.1139116	-124.4162946
218	Bandon Senior High School	Bandon SD 54	43.115599	-124.420402
219	Crooked River Elementary School	Crook County SD	44.2996346	-120.8299065
222	Paulina School	Crook County SD	44.1319557	-119.967194
223	Powell Butte Community Charter School	Crook County SD	44.0978126	-120.0963654
224	Crook County Middle School	Crook County SD	44.3013533	-120.8338184
225	Crook County High School	Crook County SD	44.2928454	-120.8332253
228	Driftwood Elementary School	Port Orford-Langlois SD 2CJ	42.748678	-124.4965952
229	Pacific High School	Port Orford-Langlois SD 2CJ	42.8462393	-124.4716805
231	Riley Creek Elementary School	Central Curry SD 1	42.4098972	-124.4148125
235	Azalea Middle School	Brookings-Harbor SD 17C	42.0560681	-124.2814261
236	Kalmiopsis Elementary School	Brookings-Harbor SD 17C	42.0589302	-124.2826984
237	Brookings-Harbor High School	Brookings-Harbor SD 17C	42.0582264	-124.2797774
239	Gold Beach Jr/Sr High School	Central Curry SD 1	42.4085146	-124.4207989
241	Bear Creek Elementary School	Bend-LaPine Administrative SD 1		
242	Cascade Middle School	Bend-LaPine Administrative SD 1		
245	LaPine Elementary School	Bend-LaPine Administrative SD 1		
246	Juniper Elementary School	Bend-LaPine Administrative SD 1		
247	R E Jewell Elementary School	Bend-LaPine Administrative SD 1		
249	Pilot Butte Middle School	Bend-LaPine Administrative SD 1		
250	Buckingham Elementary School	Bend-LaPine Administrative SD 1		
251	Bend Senior High School	Bend-LaPine Administrative SD 1		
252	Mountain View Senior High School	Bend-LaPine Administrative SD 1		
253	LaPine Senior High School	Bend-LaPine Administrative SD 1		
256	Sage Elementary School	Redmond SD 2J	44.2459109	-121.2019105
258	John Tuck Elementary School	Redmond SD 2J	44.2782286	-121.1799138
259	M A Lynch Elementary School	Redmond SD 2J	44.2662467	-121.1821517
260	Terrebonne Community School	Redmond SD 2J	44.3515065	-121.1808586
261	Tumalo Community School	Redmond SD 2J	44.1513824	-121.3329074
262	Obsidian Middle School	Redmond SD 2J	44.2632814	-121.1824381
263	Redmond High School	Redmond SD 2J	44.2712959	-121.1916535
264	Sisters Elementary School	Sisters SD 6		
265	Brothers Elementary School	Crook County SD	43.8136211	-120.6037908
266	Lincoln Middle School	Oakland SD 1	43.429931	-123.2989163
267	Oakland Elementary School	Oakland SD 1	43.4283193	-123.2993943
268	Oakland High School	Oakland SD 1	43.4643989	-123.3809836
269	Eastwood Elementary School	Douglas County SD 4	43.2078847	-123.3206015
270	Fir Grove Elementary School	Douglas County SD 4	43.2155209	-123.3652243
271	Fullerton IV Elementary School	Douglas County SD 4	43.21741790000001	-123.3813368
272	Green Elementary School	Douglas County SD 4	43.1492644	-123.3820132
273	Hucrest Elementary School	Douglas County SD 4	43.2311767	-123.3814343
274	Melrose Elementary School	Douglas County SD 4	43.24340429999999	-123.4451293
276	Sunnyslope Elementary School	Douglas County SD 4	43.1539963	-123.3884219
277	Winchester Elementary	Douglas County SD 4	43.1260694	-123.2492364
278	John C Fremont Middle School	Douglas County SD 4	43.2107507	-123.3708499
279	Joseph Lane Middle School	Douglas County SD 4	43.2354371	-123.3468952
280	Roseburg High School	Douglas County SD 4		
282	Glide Elementary School	Glide SD 12	43.3074687	-123.0861816
284	Glide Middle School	Glide SD 12	43.3007119	-123.0959081
285	Glide High School	Glide SD 12	43.299564	-123.0969449
289	Canyonville School	South Umpqua SD 19	42.9281483	-123.2802835
290	Myrtle Creek Elementary School	South Umpqua SD 19	43.0284932	-123.2807219
291	Coffenberry Middle School	South Umpqua SD 19	43.0292536	-123.2815496
292	Tri City Elementary School	South Umpqua SD 19	42.9843252	-123.3286022
293	South Umpqua High School	South Umpqua SD 19	42.9866828	-123.327852
296	North Douglas Elementary School	North Douglas SD 22	43.66203609999999	-123.3096116
297	North Douglas High School	North Douglas SD 22	43.660095	-123.3126208
299	Yoncalla Elementary School	Yoncalla SD 32	43.6011234	-123.2864841
300	Yoncalla High School	Yoncalla SD 32	43.5949918	-123.2839393
302	Elkton Charter School	Elkton SD 34	43.6273007	-123.5614878
304	Riddle Elementary School	Riddle SD 70	42.9542659	-123.3619543
305	Riddle High School	Riddle SD 70	42.9490788	-123.3635987
307	Glendale Community Charter School Pre-K-12	Glendale SD 77	42.7370696	-123.4319631
310	Reedsport Community Charter School	Reedsport SD 105	43.6945726	-124.1236982
311	McGovern Elementary School	Winston-Dillard SD 116	43.12174599999999	-123.423156
313	Lookingglass Elementary School	Winston-Dillard SD 116	43.1776598	-123.4871069
315	Winston Middle School	Winston-Dillard SD 116	43.1145129	-123.4092586
316	Douglas High School	Winston-Dillard SD 116	43.1154356	-123.4381068
319	Sutherlin Middle School	Sutherlin SD 130	43.395222	-123.3054645
320	West Sutherlin Intermediate	Sutherlin SD 130	43.3996478	-123.0864727
321	Sutherlin High School	Sutherlin SD 130	43.3953533	-123.3053738
323	Arlington Community Charter School	Arlington SD 3	45.712426	-120.1999591
325	Condon Elementary School	Condon SD 25J	45.2307621	-120.1823136
326	Condon High School	Condon SD 25J	45.2319183	-120.1828994
327	Humbolt Elementary School	John Day SD 3	44.4007629	-118.9489549
330	Seneca Elementary School	John Day SD 3	44.136361	-118.9718888
331	Grant Union Junior/Senior High School	John Day SD 3	44.4039789	-118.9486533
342	Henry L Slater Elementary School	Harney County SD 3	43.5921859	-119.0605681
346	Crane Elementary School	Harney County SD 4	43.4169999	-118.5763724
347	Pine Creek Elementary School	Pine Creek SD 5	43.8447109	-118.5875523
348	Diamond Elementary School	Diamond SD 7	43.0083403	-118.6862962
349	Suntex Elementary School	Suntex SD 10	43.5758591	-119.5671165
350	Drewsey Elementary School	Drewsey SD 13	43.8163562	-118.4066288
351	Frenchglen Elementary School	Frenchglen SD 16	42.8279059	-118.9145096
352	Double O Elementary School	Double O SD 28	43.3301234	-119.2791002
355	Hines Middle School	Harney County SD 3	43.563337	-119.087559
357	Fields Elementary School	South Harney SD 33	42.2628024	-118.6708874
358	Crane Union High School	Harney County Union High SD 1J	43.416749	-118.575379
359	Burns High School	Harney County SD 3	43.5758279	-119.0746655
361	Hood River Middle School	Hood River County SD	45.7043531	-121.5280507
362	May Street Elementary School	Hood River County SD		
363	Mid Valley Elementary School	Hood River County SD	45.6251744	-121.5432694
364	Parkdale Elementary School	Hood River County SD	45.5219573	-121.5935363
366	Westside Elementary School	Hood River County SD	45.6950532	-121.5434559
367	WyEast Middle School	Hood River County SD	45.637825	-121.5562362
369	Hood River Valley High School	Hood River County SD	45.6847194	-121.5465429
370	Orchard Hill Elementary School	Phoenix-Talent SD 4	42.30844829999999	-122.8302844
371	Phoenix Elementary School	Phoenix-Talent SD 4	42.2732696	-122.8201751
372	Talent Elementary School	Phoenix-Talent SD 4	42.2405893	-122.7916754
373	Talent Middle School	Phoenix-Talent SD 4	42.2400104	-122.7940151
374	Phoenix High School	Phoenix-Talent SD 4	42.2764671	-122.8242426
375	Bellview Elementary School	Ashland SD 5	42.1757729	-122.6711506
377	Helman Elementary School	Ashland SD 5	42.2088735	-122.7133659
379	Walker Elementary School	Ashland SD 5	42.126241	-122.5634352
380	Ashland Middle School	Ashland SD 5	42.126241	-122.5634352
381	Ashland High School	Ashland SD 5	42.1912315	-122.7002908
382	Central Point Elementary School	Central Point SD 6	42.3716208	-122.9117661
383	Jewett Elementary School	Central Point SD 6	42.3796182	-122.9089567
384	Patrick Elementary School	Central Point SD 6		
385	Richardson Elementary School	Central Point SD 6	42.3730156	-122.9212982
386	Sams Valley Elementary School	Central Point SD 6	42.4934425	-122.9358444
387	Hanby Middle School	Central Point SD 6	42.3759586	-122.9164307
388	Scenic Middle School	Central Point SD 6	42.3862337	-122.9227343
390	Hillside Elementary	Eagle Point SD 9	42.4704108	-122.7972842
393	Shady Cove School	Eagle Point SD 9	42.622445	-122.809964
394	Table Rock Elementary	Eagle Point SD 9	42.430799	-122.8399602
396	Eagle Point Middle School	Eagle Point SD 9	42.4839126	-122.7933634
397	Eagle Point High School	Eagle Point SD 9	42.4766926	-122.8016884
399	Rogue River Elementary School	Rogue River SD 35	42.4371307	-123.169562
401	Rogue River Junior/Senior High	Rogue River SD 35	42.567712	-123.1359802
402	Applegate Elementary School	Three Rivers/Josephine County SD	42.2540829	-123.1524532
406	Butte Falls Charter School	Butte Falls SD 91	42.5548893	-122.4413506
407	Pinehurst Elementary School	Pinehurst SD 94	43.8041334	-120.5542012
408	Griffin Creek Elementary School	Medford SD 549C		
409	Hoover Elementary School	Medford SD 549C		
410	Howard Elementary School	Medford SD 549C		
411	Jackson Elementary School	Medford SD 549C		
412	Jacksonville Elementary School	Medford SD 549C		
413	Jefferson Elementary School	Medford SD 549C		
414	Lone Pine Elementary School	Medford SD 549C		
415	Oak Grove Elementary School	Medford SD 549C		
416	Kennedy Elementary School	Medford SD 549C		
417	Roosevelt Elementary School	Medford SD 549C		
418	Ruch Outdoor Community School	Medford SD 549C		
419	Washington Elementary School	Medford SD 549C		
420	Wilson Elementary School	Medford SD 549C		
421	Hedrick Middle School	Medford SD 549C		
422	McLoughlin Middle School	Medford SD 549C		
423	South Medford High School	Medford SD 549C	42.3050824	-122.8923536
424	North Medford High School	Medford SD 549C	42.347131	-122.850634
425	Culver Elementary School	Culver SD 4	44.5231559	-121.2124406
426	Culver High School	Culver SD 4	44.5219399	-121.2138788
427	Ashwood Elementary School	Ashwood SD 8	44.7355309	-120.7561827
428	Black Butte Elementary School	Black Butte SD 41	44.4597229	-121.6491152
429	Buff Elementary School	Jefferson County SD 509J	44.6281778	-121.1216883
430	Madras Elementary School	Jefferson County SD 509J	44.63266369999999	-121.1235845
431	Metolius Elementary School	Jefferson County SD 509J	44.5878065	-121.1728604
432	Warm Springs K-8 Academy	Jefferson County SD 509J		
434	Madras High School	Jefferson County SD 509J	44.6303527	-121.1229741
435	Allen Dale Elementary School	Grants Pass SD 7	42.4105776	-123.3485115
436	Highland Elementary School	Grants Pass SD 7	42.460538	-123.3317903
437	Lincoln Elementary School	Grants Pass SD 7	42.4496238	-123.3138295
438	North Middle School	Grants Pass SD 7	42.4578612	-123.3307335
439	Redwood Elementary School	Grants Pass SD 7	42.4287337	-123.3901891
440	Riverside Elementary School	Grants Pass SD 7	42.4276638	-123.2985523
441	South Middle School	Grants Pass SD 7	42.4159212	-123.3340871
442	Grants Pass High School	Grants Pass SD 7	42.44408310000001	-123.3190852
443	Evergreen Elementary School	Three Rivers/Josephine County SD	42.1696412	-123.6523817
444	Fleming Middle School	Three Rivers/Josephine County SD	42.5071108	-123.3740284
445	Fruitdale Elementary School	Three Rivers/Josephine County SD	42.4204307	-123.3116035
446	Ft Vannoy Elementary School	Three Rivers/Josephine County SD	42.4471496	-123.4148354
448	Lincoln Savage Middle School	Three Rivers/Josephine County SD	42.34822980000001	-123.3348014
449	Lorna Byrne Middle School	Three Rivers/Josephine County SD	42.16736	-123.642481
450	Madrona Elementary School	Three Rivers/Josephine County SD	42.3623521	-123.3626605
451	Manzanita Elementary School	Three Rivers/Josephine County SD	42.5066405	-123.3719895
453	Williams Elementary School	Three Rivers/Josephine County SD	42.2186616	-123.2734075
455	Hidden Valley High School	Three Rivers/Josephine County SD	42.3257105	-123.3369846
456	Illinois Valley High School	Three Rivers/Josephine County SD	42.1674601	-123.6316999
457	North Valley High School	Three Rivers/Josephine County SD	42.518251	-123.3691712
459	Joseph Conger Elementary School	Klamath Falls City Schools	42.2348987	-121.7961869
461	Mills Elementary School	Klamath Falls City Schools	42.2241617	-121.76562
462	Pelican Elementary School	Klamath Falls City Schools	42.2494782	-121.8039531
463	Ponderosa Middle School	Klamath Falls City Schools	42.227723	-121.7611902
465	Roosevelt Elementary School	Klamath Falls City Schools	42.23849329999999	-121.774932
467	Bonanza Elementary School	Klamath County SD	42.69527670000001	-121.6142133
468	Chiloquin Elementary School	Klamath County SD	42.5694863	-121.8607181
470	Ferguson Elementary School	Klamath County SD	42.200308	-121.7209494
471	Gearhart Elementary School	Klamath County SD	42.69527670000001	-121.6142133
472	Gilchrist Elementary School	Klamath County SD	42.69527670000001	-121.6142133
473	Henley Elementary School	Klamath County SD	42.1495159	-121.6960678
474	Keno Elementary School	Klamath County SD	42.124237	-121.9314193
475	Malin Elementary School	Klamath County SD	42.0110324	-121.4112413
476	Merrill Elementary School	Klamath County SD	42.0262771	-121.6044051
477	Peterson Elementary School	Klamath County SD	42.1900561	-121.7288567
478	Shasta Elementary School	Klamath County SD	42.211613	-121.7167687
479	Stearns Elementary School	Klamath County SD	42.19321	-121.7418506
480	Brixner Junior High School	Klamath County SD	42.1832033	-121.7211599
481	Henley Middle School	Klamath County SD	42.1534043	-121.6976
482	Bonanza Junior/Senior High School	Klamath County SD	42.2002227	-121.4063311
483	Chiloquin High School	Klamath County SD	42.5675164	-121.8634834
484	Gilchrist Junior/Senior High School	Klamath County SD	43.4784046	-121.6847819
485	Henley High School	Klamath County SD	42.15088480000001	-121.6944194
486	Lost River High School	Klamath County SD	42.0157852	-121.5037918
487	Klamath Union High School	Klamath Falls City Schools	42.2305213	-121.7787999
488	Mazama High School	Klamath County SD	42.19856679999999	-121.7335308
489	Union Elementary School	Lake County SD 7	42.1129143	-120.4939506
490	Fremont/Hay Elementary School	Lake County SD 7	42.183609	-120.3504486
491	Daly Middle School	Lake County SD 7	42.1866602	-120.3487904
492	Lakeview Senior High School	Lake County SD 7	42.1860077	-120.3502246
497	Plush Elementary School	Plush SD 18	42.412277	-119.9032818
498	Adel Elementary School	Adel SD 21	42.1686578	-119.9003433
500	Pleasant Hill Elementary School	Pleasant Hill SD 1	43.9590293	-122.9146904
502	Pleasant Hill High School	Pleasant Hill SD 1	43.9573409	-122.9155989
503	Adams Elementary School	Eugene SD 4J	44.0349581	-123.1079448
504	Awbrey Park Elementary School	Eugene SD 4J	44.1238008	-123.137802
506	Cal Young Middle School	Eugene SD 4J	44.0903219	-123.0797867
507	Coburg Community Charter School	Eugene SD 4J	44.142696	-123.0723884
510	Edison Elementary School	Eugene SD 4J	44.0353781	-123.0723654
513	Gilham Elementary School	Eugene SD 4J	44.0995313	-123.077238
515	Howard Elementary School	Eugene SD 4J	44.0868043	-123.1387654
518	Kelly Middle School	Eugene SD 4J	44.0873633	-123.141786
519	Kennedy Middle School	Eugene SD 4J	44.0359954	-123.1549453
520	Madison Middle School	Eugene SD 4J	44.1169636	-123.1203165
522	McCornack Elementary School	Eugene SD 4J	44.0384828	-123.1442528
524	Monroe Middle School	Eugene SD 4J	44.07541150000001	-123.0658874
525	River Road/El Camino del Rio Elementary School	Eugene SD 4J	44.07903040000001	-123.1294025
526	Roosevelt Middle School	Eugene SD 4J	44.0333415	-123.0855359
528	Spencer Butte Middle School	Eugene SD 4J	44.0077435	-123.085001
529	Spring Creek Elementary School	Eugene SD 4J	44.1143835	-123.1442475
530	Twin Oaks Elementary School	Eugene SD 4J	43.9933815	-123.175148
534	Willagillespie Elementary School	Eugene SD 4J	44.0730212	-123.1003301
536	North Eugene High School	Eugene SD 4J	44.0944746	-123.1323454
537	Eugene Education Options	Eugene SD 4J	44.0620678	-123.1042717
538	Sheldon High School	Eugene SD 4J	44.08208279999999	-123.0719105
539	South Eugene High School	Eugene SD 4J	44.0377702	-123.0866909
540	Churchill High School	Eugene SD 4J	44.0392265	-123.1512419
542	Briggs Middle School	Springfield SD 19	44.0716416	-122.9905963
544	Centennial Elementary School	Springfield SD 19	44.0577295	-123.0414791
545	Douglas Gardens Elementary School	Springfield SD 19	44.0362596	-122.9750573
546	Elizabeth Page Elementary School	Springfield SD 19	44.0689612	-123.0061033
548	Guy Lee Elementary School	Springfield SD 19	44.0697621	-123.038855
549	Hamlin Middle School	Springfield SD 19	44.0582962	-123.0215301
550	Maple Elementary School	Springfield SD 19	44.0544247	-122.992242
553	Ridgeview Elementary School	Springfield SD 19	44.0493209	-122.9119475
554	Mt Vernon Elementary School	Springfield SD 19	44.0365146	-122.96519
556	Thurston Elementary School	Springfield SD 19	44.0508238	-122.8946604
557	Thurston Middle School	Springfield SD 19	44.05420669999999	-122.9162246
558	Walterville Elementary School	Springfield SD 19	44.078959	-122.761849
559	Yolanda Elementary School	Springfield SD 19	44.0731606	-122.9909411
560	Springfield High School	Springfield SD 19	44.0535256	-123.0158084
561	Thurston High School	Springfield SD 19	44.0488811	-122.9250631
563	Elmira Elementary School	Fern Ridge SD 28J	44.072242	-123.354843
564	Fern Ridge Middle School	Fern Ridge SD 28J	44.0687643	-123.3527068
566	Veneta Elementary School	Fern Ridge SD 28J	44.0499473	-123.350781
567	Elmira High School	Fern Ridge SD 28J	44.0735087	-123.3601888
568	Mapleton Elementary School	Mapleton SD 32	44.0364421	-123.8533915
569	Mapleton Jr/Sr High School	Mapleton SD 32	44.0318388	-123.8166974
570	Creslane Elementary School	Creswell SD 40	43.9203554	-123.0282199
571	Creswell Middle School	Creswell SD 40	43.9168834	-123.0265464
572	Creswell High School	Creswell SD 40	43.9247305	-123.0290454
573	Bohemia Elementary School	South Lane SD 45J3	43.8041334	-120.5542012
574	Dorena School	South Lane SD 45J3	43.71984519999999	-122.8620118
576	Harrison Elementary School	South Lane SD 45J3	43.8041334	-120.5542012
578	London School	South Lane SD 45J3	43.8041334	-120.5542012
579	Lincoln Middle School	South Lane SD 45J3	43.8041334	-120.5542012
580	Cottage Grove High School	South Lane SD 45J3	43.7953087	-123.0637266
581	Cascade Middle School	Bethel SD 52	44.07868	-123.1668485
582	Clear Lake Elementary School	Bethel SD 52	44.0834153	-123.1747332
583	Danebo Elementary School	Bethel SD 52		
584	Fairfield Elementary School	Bethel SD 52	44.0761858	-123.1717572
585	Irving Elementary School	Bethel SD 52	43.8041334	-120.5542012
586	Malabon Elementary School	Bethel SD 52	44.0765854	-123.1610136
587	Shasta Middle School	Bethel SD 52	44.083944	-123.176329
588	Willamette High School	Bethel SD 52	44.0824113	-123.1671367
589	Applegate Elementary School	Crow-Applegate-Lorane SD 66	43.990263	-123.33651
592	Crow High School	Crow-Applegate-Lorane SD 66	43.9868044	-123.3191092
594	McKenzie River Community School	McKenzie SD 68	44.0604696	-122.0917389
595	Laurel Elementary School	Junction City SD 69	44.2258949	-123.2084335
596	Oaklea Middle School	Junction City SD 69	44.2265191	-123.2150571
597	Junction City High School	Junction City SD 69	44.2177011	-123.2124473
598	Lundy Elementary School	Lowell SD 71	43.9175858	-122.7845653
599	Lowell Junior/Senior High School	Lowell SD 71	43.91728699999999	-122.781862
600	Oakridge Elementary School	Oakridge SD 76	43.7486638	-122.4656719
601	Oakridge Junior High School	Oakridge SD 76	43.7486647	-122.4676251
602	Oakridge High School	Oakridge SD 76	43.748636	-122.468872
603	Marcola Elementary School	Marcola SD 79J	44.1711463	-122.8544616
604	Mohawk High School	Marcola SD 79J	44.1710983	-122.853148
608	Siuslaw Middle School	Siuslaw SD 97J	43.9886312	-124.1044739
609	Siuslaw Elementary School	Siuslaw SD 97J	43.9860042	-124.1045342
610	Siuslaw High School	Siuslaw SD 97J	43.9921172	-124.1058801
611	Toledo Elementary School	Lincoln County SD	44.4949751	-123.7885599
615	Newport Middle School	Lincoln County SD	44.609549	-123.942359
620	Taft Elementary School	Lincoln County SD	44.609549	-123.942359
621	Taft Middle School	Lincoln County SD	44.4949751	-123.7885599
622	Toledo Jr. High	Lincoln County SD	43.8041334	-120.5542012
623	Crestview Heights School	Lincoln County SD	44.4064044	-124.0668654
624	Waldport Middle School	Lincoln County SD	44.4949751	-123.7885599
625	Sam Case Elementary	Lincoln County SD	44.6459239	-124.0468358
627	Newport High School	Lincoln County SD	44.609549	-123.942359
628	Taft High School	Lincoln County SD	44.609549	-123.942359
629	Toledo Senior High School	Lincoln County SD	43.8041334	-120.5542012
630	Waldport High School	Lincoln County SD	44.4949751	-123.7885599
631	Central Elementary School	Greater Albany Public SD 8J	44.6305136	-123.1066612
632	Calapooia Middle School	Greater Albany Public SD 8J	44.6179757	-123.0926135
633	Meadow Ridge Elementary	Greater Albany Public SD 8J	44.6493777	-123.0410647
636	Periwinkle Elementary School	Greater Albany Public SD 8J	44.6210811	-123.0781438
637	North Albany Elementary School	Greater Albany Public SD 8J	44.6514045	-123.1148096
638	North Albany Middle School	Greater Albany Public SD 8J	44.6525284	-123.1119764
639	Oak Grove Elementary School	Greater Albany Public SD 8J	44.65710440000001	-123.148117
640	Lafayette Elementary School	Greater Albany Public SD 8J	44.61241769999999	-123.0915471
641	Liberty Elementary School	Greater Albany Public SD 8J	44.6190454	-123.1183269
642	Memorial Middle School	Greater Albany Public SD 8J	44.622921	-123.1151203
643	Oak Elementary School	Greater Albany Public SD 8J	44.6079728	-123.0861129
644	Sunrise Elementary School	Greater Albany Public SD 8J	44.6225962	-123.0937743
645	South Shore Elementary School	Greater Albany Public SD 8J	44.6337797	-123.0696595
646	Tangent Elementary School	Greater Albany Public SD 8J	44.5383037	-123.1046594
648	Waverly Elementary School	Greater Albany Public SD 8J	44.63741410000001	-123.0778773
649	West Albany High School	Greater Albany Public SD 8J	44.6227781	-123.1162213
650	South Albany High School	Greater Albany Public SD 8J	44.6072991	-123.0790378
652	Cascades School	Lebanon Community SD 9	44.52495589999999	-122.9154875
653	Green Acres School	Lebanon Community SD 9	44.5382644	-122.9214463
656	Mari-Linn Elementary School	North Santiam SD 29J	44.7792256	-122.6169842
658	Hamilton Creek School	Lebanon Community SD 9	44.513593	-122.8360078
659	Harrisburg Elementary School	Harrisburg SD 7J	44.2720829	-123.1652832
662	Foster Elementary School	Sweet Home SD 55	44.41039689999999	-122.6708846
663	Hawthorne Elementary School	Sweet Home SD 55	44.3985019	-122.7064195
664	Holley Elementary School	Sweet Home SD 55	44.3976247	-122.7361959
666	Oak Heights Elementary School	Sweet Home SD 55	44.3914795	-122.7368063
668	Sweet Home Junior High School	Sweet Home SD 55	44.3939758	-122.7194172
669	Sweet Home High School	Sweet Home SD 55	44.3970494	-122.7256294
671	Lacomb School	Lebanon Community SD 9	44.5858475	-122.7402535
674	Seven Oak Middle School	Lebanon Community SD 9	44.5104481	-122.8929557
676	Centennial Elementary School	Scio SD 95	44.7050002	-122.8529601
677	Scio Middle School	Scio SD 95	44.7051524	-122.8507697
678	Scio High School	Scio SD 95	44.7090682	-122.8485107
681	Santiam Elementary School	Santiam Canyon SD 129J	44.7511622	-122.4784937
683	Santiam Junior/Senior High School	Santiam Canyon SD 129J	44.7511622	-122.4784937
687	Central Linn High School	Central Linn SD 552	44.3903927	-123.0875632
688	Lebanon High School	Lebanon Community SD 9	44.5297422	-122.9140159
689	Harrisburg High School	Harrisburg SD 7J	44.2740123	-123.170648
691	Jordan Valley Elementary School	Jordan Valley SD 3	42.9761037	-117.0540081
692	Alameda Elementary School	Ontario SD 8C		
693	Cairo Elementary School	Ontario SD 8C	43.9879259	-117.0124282
694	Aiken Elementary School	Ontario SD 8C	44.0290251	-116.9838326
696	May Roberts Elementary School	Ontario SD 8C	44.03345909999999	-116.9710554
697	Pioneer Elementary School	Ontario SD 8C	44.1182959	-116.9387149
698	Ontario Middle School	Ontario SD 8C	44.0262853	-116.9700833
699	Ontario High School	Ontario SD 8C	44.0294445	-116.9776502
700	Juntura Elementary School	Juntura SD 12		
701	Vale Elementary School	Vale SD 84	44.0799781	-117.4105569
702	Nyssa Elementary School	Nyssa SD 26	43.876838	-117.0025649
703	Nyssa Middle School	Nyssa SD 26	43.8752708	-117.0073852
704	Nyssa High School	Nyssa SD 26	43.8746406	-117.0056102
705	Annex Charter School	Annex SD 29	44.228819	-117.2157612
706	Willowcreek Elementary School	Vale SD 84	44.1130893	-117.3656103
707	Adrian Elementary School	Adrian SD 61	43.7417405	-117.0701086
708	Adrian High School	Adrian SD 61	43.742168	-117.0695902
711	W W Jones Elementary School	Arock SD 81	42.9128147	-117.5259209
712	Jordan Valley High School	Jordan Valley SD 3	42.977684	-117.0536117
713	Vale High School	Vale SD 84	43.9787583	-117.2521806
714	Mark Twain Elementary	Silver Falls SD 4J	44.0021222	-123.101528
715	Silverton Middle School	Silver Falls SD 4J		
716	Robert Frost Elementary School	Silver Falls SD 4J	45.00106	-122.7936694
717	Sublimity Elementary School	North Santiam SD 29J	44.8304891	-122.7870726
718	Evergreen Elementary School	Silver Falls SD 4J	44.0021222	-123.101528
719	Aumsville Elementary School	Cascade SD 5	44.8478404	-122.875901
721	Jefferson Elementary School	Jefferson SD 14J	44.7229871	-123.0093367
722	Jefferson Middle School	Jefferson SD 14J	44.73162480000001	-123.017791
723	Jefferson High School	Jefferson SD 14J	44.73125450000001	-123.0167312
724	North Marion Intermediate School	North Marion SD 15	45.2131498	-122.795428
725	North Marion Middle School	North Marion SD 15	45.2131498	-122.795428
726	North Marion High School	North Marion SD 15	45.2109387	-122.7957954
728	Auburn Elementary School	Salem-Keizer SD 24J	44.9360585	-122.9710917
731	Brush College Elementary School	Salem-Keizer SD 24J	44.9721325	-123.0769581
732	Bush Elementary School	Salem-Keizer SD 24J	44.93277339999999	-123.0255261
733	Candalaria Elementary School	Salem-Keizer SD 24J	44.912513	-123.0587951
734	Clear Lake Elementary School	Salem-Keizer SD 24J	45.0266184	-123.0189958
735	Cummings Elementary School	Salem-Keizer SD 24J	44.99055010000001	-123.0344549
736	Englewood Elementary School	Salem-Keizer SD 24J	44.9456914	-123.011217
737	Wright Elementary School	Salem-Keizer SD 24J	44.89616909999999	-123.0472196
738	Four Corners Elementary School	Salem-Keizer SD 24J	44.9226034	-122.9769629
740	Grant Community School	Salem-Keizer SD 24J	44.9501523	-123.027154
741	Scott Elementary School	Salem-Keizer SD 24J	44.9668065	-122.9675936
743	Highland Elementary School	Salem-Keizer SD 24J	44.95977569999999	-123.0280826
744	Hoover Elementary School	Salem-Keizer SD 24J	44.9448766	-122.9956453
745	Gubser Elementary School	Salem-Keizer SD 24J	45.0151808	-123.0122089
746	Kennedy Elementary School	Salem-Keizer SD 24J	44.995922	-123.0078964
747	Keizer Elementary School	Salem-Keizer SD 24J	45.006167	-123.039934
749	Liberty Elementary School	Salem-Keizer SD 24J	44.8869033	-123.0615573
750	McKinley Elementary School	Salem-Keizer SD 24J	44.916987	-123.042136
751	Eyre Elementary School	Salem-Keizer SD 24J	44.9180786	-122.9617953
753	Morningside Elementary School	Salem-Keizer SD 24J	44.90442849999999	-123.0316936
754	Myers Elementary School	Salem-Keizer SD 24J	44.9462475	-123.0769892
755	Hayesville Elementary School	Salem-Keizer SD 24J	44.98320589999999	-122.9718156
756	Pringle Elementary School	Salem-Keizer SD 24J	44.87548150000001	-123.0157895
757	Richmond Elementary School	Salem-Keizer SD 24J	44.9301373	-123.0129012
759	Salem Heights Elementary School	Salem-Keizer SD 24J	44.905307	-123.0508976
760	Schirle Elementary School	Salem-Keizer SD 24J	44.8858484	-123.0735418
761	Sumpter Elementary School	Salem-Keizer SD 24J	44.8778437	-123.0482064
762	Swegle Elementary School	Salem-Keizer SD 24J	44.95051830000001	-122.9741431
763	Washington Elementary School	Salem-Keizer SD 24J	44.9649964	-122.9982173
764	Yoshikai Elementary School	Salem-Keizer SD 24J	44.9851695	-122.9614453
765	Judson Middle School	Salem-Keizer SD 24J	44.8892336	-123.045205
766	Leslie Middle School	Salem-Keizer SD 24J	44.9001847	-123.0235142
767	Parrish Middle School	Salem-Keizer SD 24J	44.9455493	-123.0244553
768	Waldo Middle School	Salem-Keizer SD 24J	44.96245440000001	-122.9981352
769	Walker Middle School	Salem-Keizer SD 24J	44.947122	-123.0596398
770	Whiteaker Middle School	Salem-Keizer SD 24J	45.0067861	-123.0112376
771	McKay High School	Salem-Keizer SD 24J	44.957108	-122.979614
772	McNary High School	Salem-Keizer SD 24J	45.000744	-123.0336326
773	North Salem High School	Salem-Keizer SD 24J	44.94443160000001	-123.0214038
774	Sprague High School	Salem-Keizer SD 24J	44.8858209	-123.0784342
775	South Salem High School	Salem-Keizer SD 24J	44.9220671	-123.0399067
776	Gervais Elementary School	Gervais SD 1	45.1064246	-122.8973975
777	Victor Point Elementary School	Silver Falls SD 4J		
778	St Paul Elementary School	St Paul SD 45	45.2141134	-122.9780435
779	St Paul High School	St Paul SD 45	45.2078602	-122.9525465
780	Pratum Elementary School	Silver Falls SD 4J	44.9585229	-122.8774551
784	Bethany Charter School	Silver Falls SD 4J		
785	Scotts Mills Elementary School	Silver Falls SD 4J		
786	Gervais Middle School	Gervais SD 1	45.1040155	-122.8940123
788	Stayton Elementary School	North Santiam SD 29J	44.801643	-122.793594
789	Stayton Middle School	North Santiam SD 29J	44.8108596	-122.8038864
790	Turner Elementary School	Cascade SD 5	44.8424291	-122.94772
792	Mt Angel Middle School	Mt Angel SD 91	45.0723793	-122.7930969
793	St Marys Public School	Mt Angel SD 91	45.068305	-122.793929
794	John F Kennedy High School	Mt Angel SD 91	45.0718544	-122.7896073
795	Silver Crest Elementary School	Silver Falls SD 4J		
796	Nellie Muir Elementary School	Woodburn SD 103	45.1456153	-122.8691487
797	Washington Elementary School	Woodburn SD 103	45.1441296	-122.8463842
800	Woodburn High School	Woodburn SD 103	45.1533964	-122.8466836
806	Cloverdale Elementary School	Cascade SD 5	44.81461110000001	-122.9701866
807	Central Howell Elementary School	Silver Falls SD 4J		
808	Gervais High School	Gervais SD 1	45.1040155	-122.8940123
809	Stayton High School	North Santiam SD 29J	44.8029583	-122.8009382
810	Cascade Junior High School	Cascade SD 5	44.807893	-122.916652
811	Cascade Senior High School	Cascade SD 5	44.8078199	-122.9144057
812	Silverton High School	Silver Falls SD 4J		
813	A C Houghton Elementary School	Morrow SD 1	45.8975111	-119.4873858
814	Sam Boardman Elementary School	Morrow SD 1	45.8275489	-119.7071609
815	Heppner Elementary School	Morrow SD 1	45.3573625	-119.5508347
817	Irrigon Junior/Senior High School	Morrow SD 1	45.8877053	-119.4986188
818	Heppner Junior/Senior High School	Morrow SD 1	45.3614578	-119.5648727
820	Riverside Junior/Senior High School	Morrow SD 1	45.8417255	-119.6977086
822	Abernethy Elementary School	Portland SD 1J	45.5056002	-122.6514519
823	Ainsworth Elementary School	Portland SD 1J	45.5097914	-122.6996213
824	Alameda Elementary School	Portland SD 1J	45.5478347	-122.6376166
826	Arleta Elementary School	Portland SD 1J	45.485976	-122.5963335
827	Astor Elementary School	Portland SD 1J	45.5782353	-122.7293938
828	Atkinson Elementary School	Portland SD 1J	45.5049798	-122.6044839
829	Rosa Parks Elementary School	Portland SD 1J	45.5879512	-122.7129162
830	Beach Elementary School	Portland SD 1J	45.5578363	-122.6855475
831	Beaumont Middle School	Portland SD 1J	45.548821	-122.620675
833	Boise-Eliot Elementary School	Portland SD 1J	45.5481025	-122.6727538
834	Bridger Creative Science School	Portland SD 1J	45.5106758	-122.5820709
835	Bridlemile Elementary School	Portland SD 1J	45.49172	-122.7242933
837	Buckman Elementary School	Portland SD 1J	45.5204434	-122.6491982
838	Capitol Hill Elementary School	Portland SD 1J	45.4640913	-122.6954152
839	Chapman Elementary School	Portland SD 1J	45.5332325	-122.7053513
840	Chief Joseph Elementary School	Portland SD 1J	45.5727947	-122.6918619
841	César Chávez K-8 School	Portland SD 1J	45.5841968	-122.7194546
842	Harrison Park School	Portland SD 1J	45.506742	-122.5745226
843	Creston Elementary School	Portland SD 1J	45.495449	-122.6137951
844	Duniway Elementary School	Portland SD 1J	45.4685882	-122.6289932
847	Faubion Elementary School	Portland SD 1J		
849	George Middle School	Portland SD 1J	45.5963675	-122.7369498
850	Glencoe Elementary School	Portland SD 1J	45.5172062	-122.6114707
852	Gray Middle School	Portland SD 1J	45.4824644	-122.7010472
854	Grout Elementary School	Portland SD 1J	45.4907665	-122.6330382
855	Hayhurst Elementary School	Portland SD 1J	45.48013520000001	-122.7294071
857	Beverly Cleary School 	Portland SD 1J	45.5368569	-122.631022
858	Hosford Middle School	Portland SD 1J	45.5062311	-122.6372903
861	Irvington Elementary School	Portland SD 1J	45.540139	-122.651928
862	James John Elementary School	Portland SD 1J	45.5903832	-122.7523281
863	Kellogg Middle School	Portland SD 1J	45.49871359999999	-122.5917225
864	Kelly Elementary School	Portland SD 1J	45.4730751	-122.5701944
866	Dr. Martin Luther King Jr. School	Portland SD 1J	45.558308	-122.659334
868	Laurelhurst Elementary School	Portland SD 1J	45.529197	-122.6193702
869	Lee Elementary School	Portland SD 1J	45.53776449999999	-122.5674001
870	Lent Elementary School	Portland SD 1J	45.4853518	-122.5640241
871	Lewis Elementary School	Portland SD 1J	45.4735039	-122.6172191
872	Llewellyn Elementary School	Portland SD 1J	45.47717859999999	-122.6521811
873	Maplewood Elementary School	Portland SD 1J	45.4708163	-122.7299477
875	Marysville Elementary School	Portland SD 1J	45.4872765	-122.5833827
877	Mt Tabor Middle School	Portland SD 1J	45.52142480000001	-122.6043255
878	Ockley Green Middle School	Portland SD 1J	45.56712659999999	-122.6806038
879	Peninsula Elementary School	Portland SD 1J	45.5819712	-122.7006441
883	Richmond Elementary School	Portland SD 1J	45.5065526	-122.6198558
884	Rigler Elementary School	Portland SD 1J	45.5559832	-122.6077582
885	Roseway Heights School	Portland SD 1J	45.54412560000001	-122.5874462
886	Sabin Elementary School	Portland SD 1J	45.5521913	-122.6478363
887	Scott Elementary School	Portland SD 1J	45.5550394	-122.594265
888	Sellwood Middle School	Portland SD 1J	45.4626098	-122.6505123
889	Sitton Elementary School	Portland SD 1J	45.6001351	-122.7580178
890	Skyline Elementary School	Portland SD 1J	45.6075366	-122.8564573
892	Stephenson Elementary School	Portland SD 1J	45.4408687	-122.7039613
893	Sunnyside Environmental School	Portland SD 1J	45.5154276	-122.628892
894	Harriet Tubman Middle School	Portland SD 1J	45.5392002	-122.6689836
895	Vernon Elementary School	Portland SD 1J	45.5624996	-122.6437449
896	Vestal Elementary School	Portland SD 1J	45.5244035	-122.579555
898	West Sylvan Middle School	Portland SD 1J	45.5040646	-122.7621042
900	Whitman Elementary School	Portland SD 1J	45.4685009	-122.5874613
902	Woodlawn Elementary School	Portland SD 1J	45.5749096	-122.653088
903	Woodmere Elementary School	Portland SD 1J	45.4750784	-122.5822678
904	Woodstock Elementary School	Portland SD 1J	45.4820466	-122.6115906
906	Benson Polytechnic High School	Portland SD 1J	45.52729290000001	-122.652893
909	Cleveland High School	Portland SD 1J	45.4985839	-122.6394501
911	Franklin High School	Portland SD 1J	45.5022707	-122.6068499
912	Grant High School	Portland SD 1J	45.53905049999999	-122.6265519
913	Jefferson High School	Portland SD 1J	45.5607844	-122.6720432
914	Lincoln High School	Portland SD 1J	45.5196845	-122.6911184
915	Leodis V. McDaniel High School	Portland SD 1J	45.5421748	-122.5797552
916	Metropolitan Learning Center	Portland SD 1J	45.5264228	-122.6932642
918	Roosevelt High School	Portland SD 1J	45.5890511	-122.7384029
922	Ida B. Wells-Barnett High School	Portland SD 1J	45.4772306	-122.6899441
925	Prescott Elementary School	Parkrose SD 3	45.5550437	-122.5560473
926	Russell Elementary	Parkrose SD 3	45.54136949999999	-122.5313001
927	Sacramento Elementary School	Parkrose SD 3	45.5391776	-122.5451523
928	Shaver Elementary School	Parkrose SD 3	45.54944099999999	-122.5287883
930	Parkrose Middle School	Parkrose SD 3	45.5503258	-122.5401153
931	Parkrose High School	Parkrose SD 3	45.5530003	-122.5406945
932	Dexter McCarty Middle School	Gresham-Barlow SD 10J	45.493226	-122.417732
933	East Gresham Elementary School	Gresham-Barlow SD 10J	45.4934721	-122.4194104
934	Gordon Russell Middle School	Gresham-Barlow SD 10J	45.491959	-122.39634
935	Highland Elementary School	Gresham-Barlow SD 10J	45.51427400000001	-122.427966
936	Hall Elementary School	Gresham-Barlow SD 10J	45.514345	-122.406657
937	Hollydale Elementary School	Gresham-Barlow SD 10J	45.4927796	-122.4542889
938	North Gresham Elementary School	Gresham-Barlow SD 10J	45.5158826	-122.4393875
939	Powell Valley Elementary School	Gresham-Barlow SD 10J	45.49119899999999	-122.383845
941	East Orient Elementary School	Gresham-Barlow SD 10J	45.4685493	-122.3529327
942	West Orient Middle School	Gresham-Barlow SD 10J	45.4689092	-122.3566773
943	Alder Elementary School	Reynolds SD 7	45.5171597	-122.4862406
945	Fairview Elementary School	Reynolds SD 7	45.5399154	-122.4341438
946	Glenfair Elementary School	Reynolds SD 7	45.5260697	-122.5057447
947	Hartley Elementary School	Reynolds SD 7	45.528364	-122.4722255
948	Margaret Scott Elementary School	Reynolds SD 7	45.5391034	-122.5119831
949	Davis Elementary School	Reynolds SD 7	45.5231909	-122.4621833
950	Sweetbriar Elementary School	Reynolds SD 7	45.5160547	-122.3823217
951	Troutdale Elementary School	Reynolds SD 7	45.5365844	-122.3860066
952	Wilkes Elementary School	Reynolds SD 7	45.5412272	-122.4882726
954	Hauton B Lee Middle School	Reynolds SD 7	45.531697	-122.4877993
957	Reynolds High School	Reynolds SD 7	45.52880039999999	-122.4016815
958	Sauvie Island School	Scappoose SD 1J	45.6554231	-122.8254005
959	Meadows Elementary	Centennial SD 28J	45.5016719	-122.477613
960	Centennial Middle School	Centennial SD 28J	45.50132319999999	-122.4791844
963	Parklane Elementary School	Centennial SD 28J	45.5144739	-122.5002109
964	Patrick Lynch Elementary	Centennial SD 28J	45.5112592	-122.488318
965	Powell Butte Elementary School	Centennial SD 28J	45.4962314	-122.4855493
966	Pleasant Valley Elementary School	Centennial SD 28J	45.4646035	-122.47992
967	Centennial High School	Centennial SD 28J	45.4961834	-122.4772308
972	Cherry Park Elementary School	David Douglas SD 40	45.5086374	-122.5561628
973	Gilbert Heights Elementary School	David Douglas SD 40	45.4905487	-122.5311705
974	Gilbert Park Elementary School	David Douglas SD 40	45.4795338	-122.5282619
975	Lincoln Park Elementary School	David Douglas SD 40	45.5082	-122.5262608
976	Menlo Park Elementary School	David Douglas SD 40	45.5260288	-122.5303711
977	Mill Park Elementary School	David Douglas SD 40	45.5098978	-122.5414911
978	Ventura Park Elementary School	David Douglas SD 40	45.52131430000001	-122.5439803
979	West Powellhurst Elementary School	David Douglas SD 40	45.5011161	-122.5434544
980	Alice Ott Middle School	David Douglas SD 40	45.4792945	-122.5348131
981	Floyd Light Middle School	David Douglas SD 40	45.5173232	-122.5517939
983	David Douglas High School	David Douglas SD 40	45.5156974	-122.5264099
985	Riverdale Grade School	Riverdale SD 51J	45.4398966	-122.6560243
986	Gresham High School	Gresham-Barlow SD 10J	45.5057885	-122.430167
987	Sam Barlow High School	Gresham-Barlow SD 10J	45.4855344	-122.3535095
989	Lyle Elementary School	Dallas SD 2	44.9280084	-123.3206324
990	Oakdale Heights Elementary School	Dallas SD 2	44.9161101	-123.3371037
993	Whitworth Elementary School	Dallas SD 2	44.9172985	-123.2979207
994	LaCreole Middle School	Dallas SD 2	44.9232167	-123.3010679
995	Dallas High School	Dallas SD 2	44.9164408	-123.3037136
998	Independence Elementary School	Central SD 13J	44.8525261	-123.1893452
999	Monmouth Elementary School	Central SD 13J	44.8524099	-123.224265
1001	Talmadge Middle School	Central SD 13J	44.8554346	-123.2109052
1002	Central High School	Central SD 13J	44.8519552	-123.2110299
1005	Falls City Elementary School	Falls City SD 57	44.8677053	-123.4322826
1006	Falls City High School	Falls City SD 57	44.8655296	-123.4293858
1010	Sherman County School	Sherman County SD	45.3624182	-120.7812288
1012	East Elementary School	Tillamook SD 9	45.4537852	-123.8199519
1014	South Prairie Elementary School	Tillamook SD 9	45.407456	-123.817018
1016	Tillamook Junior High School	Tillamook SD 9	45.4548309	-123.8199412
1017	Tillamook High School	Tillamook SD 9	45.4489747	-123.836113
1019	Nestucca K8	Nestucca Valley SD 101J	45.1882617	-123.9040643
1020	Garibaldi Elementary School	Neah-Kah-Nie SD 56	45.72927319999999	-123.9406913
1021	Nehalem Elementary School	Neah-Kah-Nie SD 56	45.7208042	-123.8955557
1022	Neah-Kah-Nie High School	Neah-Kah-Nie SD 56	45.6386398	-123.9395709
1023	Nestucca High School	Nestucca Valley SD 101J	45.20379250000001	-123.8890304
1027	Pilot Rock Elementary School	Pilot Rock SD 2	45.4794164	-118.8333531
1028	Pilot Rock High School	Pilot Rock SD 2	45.482724	-118.8309048
1031	Clara Brownell Middle School	Umatilla SD 6R	45.9172728	-119.3382663
1032	McNary Heights Elementary School	Umatilla SD 6R	45.9196051	-119.2960743
1033	Umatilla High School	Umatilla SD 6R	45.9163341	-119.3372007
1034	Highland Hills Elementary School	Hermiston SD 8	45.836644	-119.2702322
1036	Rocky Heights Elementary School	Hermiston SD 8	45.84480689999999	-119.299343
1037	Sunset Elementary School	Hermiston SD 8	45.8436612	-119.2879076
1038	West Park Elementary School	Hermiston SD 8	45.8377369	-119.2993659
1039	Armand Larive Middle School	Hermiston SD 8	45.8269571	-119.3046905
1040	Hermiston High School	Hermiston SD 8	45.8357131	-119.2926004
1047	McKay Creek Elementary School	Pendleton SD 16	45.6459299	-118.8257152
1048	Sherwood Heights Elementary School	Pendleton SD 16	45.6533538	-118.8165692
1049	Washington Elementary School	Pendleton SD 16	45.6764738	-118.7736184
1051	Sunridge Middle School	Pendleton SD 16	45.6505411	-118.7870522
1052	Pendleton High School	Pendleton SD 16	45.6749828	-118.8053672
1053	Athena Elementary School	Athena-Weston SD 29RJ	45.8083518	-118.4847986
1055	Weston Middle School	Athena-Weston SD 29RJ	45.8126876	-118.4221499
1056	Weston-McEwen High School	Athena-Weston SD 29RJ	45.8110162	-118.4860807
1057	Central Middle School	Milton-Freewater Unified SD 7	45.9336318	-118.3916797
1060	Stanfield Elementary School	Stanfield SD 61	45.790087	-119.2269518
1061	Stanfield Secondary School	Stanfield SD 61	45.7902779	-119.2239582
1064	McLoughlin High School	Milton-Freewater Unified SD 7	45.9354361	-118.3915249
1066	Central Elementary School	La Grande SD 1	45.3190944	-118.1003658
1068	Greenwood Elementary School	La Grande SD 1	45.3335447	-118.0871059
1069	Island City Elementary School	La Grande SD 1	45.3376786	-118.0470443
1072	La Grande Middle School	La Grande SD 1	45.3216887	-118.0972408
1073	La Grande High School	La Grande SD 1	45.3207359	-118.1012115
1074	Union Elementary School	Union SD 5	45.2068002	-117.8662961
1075	Union High School	Union SD 5	45.2062294	-117.8665216
1079	Imbler Charter School	Imbler SD 11	45.5240322	-118.0194457
1082	Stella Mayfield Elementary School	Elgin SD 23	45.5649987	-117.9214736
1083	Elgin High School	Elgin SD 23	45.5628204	-117.9241649
1084	Imnaha Elementary School	Joseph SD 6	45.5595015	-116.8351513
1087	Joseph Charter School	Joseph SD 6	45.3734293	-116.8788071
1088	Wallowa Elementary School	Wallowa SD 12	45.57090040000001	-117.5325518
1089	Wallowa High School	Wallowa SD 12	45.570897	-117.5327373
1090	Enterprise Elementary School	Enterprise SD 21	45.4248497	-117.272253
1091	Enterprise High School	Enterprise SD 21	45.4248497	-117.272253
1092	Troy Elementary School	Troy SD 54	45.9631809	-117.5179243
1093	Chenowith Elementary School	North Wasco County SD 21	45.6252095	-121.2218611
1095	Mosier Community School	North Wasco County SD 21	45.68294299999999	-121.40066
1097	Colonel Wright Elementary School	North Wasco County SD 21	45.5971971	-121.1984814
1098	Dry Hollow Elementary School	North Wasco County SD 21	45.5868458	-121.1728477
1100	The Dalles Middle School	North Wasco County SD 21		
1101	The Dalles High School	North Wasco County SD 21		
1108	South Wasco County Elementary School	South Wasco County SD 1	45.1756555	-121.0777838
1109	South Wasco County Middle/High School	South Wasco County SD 1	45.1756555	-121.0777838
1110	Lenox Elementary School	Hillsboro SD 1J	45.55803969999999	-122.8942238
1111	West Union Elementary School	Hillsboro SD 1J	45.5770606	-122.9233779
1112	Brookwood Elementary School	Hillsboro SD 1J	45.5147472	-122.9419751
1114	W Verne McKinney Elementary School	Hillsboro SD 1J	45.53032169999999	-122.9955681
1115	Eastwood Elementary School	Hillsboro SD 1J	45.523688	-122.9598538
1116	Minter Bridge Elementary School	Hillsboro SD 1J	45.4972293	-122.963529
1117	Mooberry Elementary School	Hillsboro SD 1J	45.5336947	-122.9719448
1119	W L Henry Elementary School	Hillsboro SD 1J	45.5120251	-122.957021
1120	Banks Elementary School	Banks SD 13	45.6116124	-123.113393
1123	Banks Middle School	Banks SD 13	45.6136601	-123.1140139
1124	Banks High School	Banks SD 13	45.6153127	-123.1137385
1126	Neil Armstrong Middle School	Forest Grove SD 15	45.5159881	-123.0747333
1127	Tom McCall Upper Elementary	Forest Grove SD 15		
1128	Cornelius Elementary School	Forest Grove SD 15	45.521539	-123.0539286
1129	Dilley Elementary School	Forest Grove SD 15	45.4901841	-123.1274349
1130	Echo Shaw Elementary School	Forest Grove SD 15	45.5118738	-123.0617994
1132	Harvey Clarke Elementary School	Forest Grove SD 15	45.52683589999999	-123.1163395
1133	Joseph Gale Elementary School	Forest Grove SD 15	45.5158223	-123.0923142
1134	Forest Grove High School	Forest Grove SD 15	45.534709	-123.1199333
1135	Bridgeport Elementary School	Tigard-Tualatin SD 23J	45.3783398	-122.732584
1136	Charles F Tigard Elementary School	Tigard-Tualatin SD 23J	45.4268442	-122.7822434
1137	Mary Woodward Elementary School	Tigard-Tualatin SD 23J	45.433891	-122.8038488
1138	Durham Elementary School	Tigard-Tualatin SD 23J	45.4025636	-122.759948
1139	James Templeton Elementary School	Tigard-Tualatin SD 23J	45.4124074	-122.7742574
1140	Metzger Elementary School	Tigard-Tualatin SD 23J	45.4456804	-122.7709268
1142	Edward Byrom Elementary School	Tigard-Tualatin SD 23J	45.3624473	-122.7703225
1143	Tualatin Elementary School	Tigard-Tualatin SD 23J	45.37238840000001	-122.776227
1144	Thomas R Fowler Middle School	Tigard-Tualatin SD 23J	45.4317094	-122.7892403
1145	Twality Middle School	Tigard-Tualatin SD 23J	45.4142401	-122.7751642
1146	Tigard High School	Tigard-Tualatin SD 23J	45.40269079999999	-122.7685317
1147	Butternut Creek Elementary School	Hillsboro SD 1J	45.48701699999999	-122.8869522
1148	Indian Hills Elementary School	Hillsboro SD 1J	45.5067612	-122.8952377
1149	Reedville Elementary School	Hillsboro SD 1J	45.5001919	-122.8918618
1150	Ladd Acres Elementary School	Hillsboro SD 1J	45.5021184	-122.9035147
1151	Witch Hazel Elementary School	Hillsboro SD 1J	45.49362929999999	-122.9325515
1152	Groner K-8	Hillsboro SD 1J	45.5067612	-122.8952377
1153	Aloha-Huber Park School	Beaverton SD 48J	45.483953	-122.8538441
1154	Barnes Elementary School	Beaverton SD 48J	45.5058349	-122.8181332
1155	Beaver Acres Elementary School	Beaverton SD 48J	45.5045054	-122.8536004
1156	Bethany Elementary School	Beaverton SD 48J	45.5430037	-122.8579643
1157	Greenway Elementary School	Beaverton SD 48J	45.453771	-122.801605
1158	Cedar Mill Elementary School	Beaverton SD 48J	45.526875	-122.7826834
1159	Chehalem Elementary School	Beaverton SD 48J	45.4758489	-122.8372719
1160	Cooper Mountain Elementary School	Beaverton SD 48J	45.4645272	-122.8507656
1161	Errol Hassell Elementary School	Beaverton SD 48J	45.466584	-122.863246
1162	Elmonica Elementary School	Beaverton SD 48J	45.5157284	-122.8517254
1163	Fir Grove Elementary School	Beaverton SD 48J	45.473726	-122.8182927
1164	Hazeldale Elementary School	Beaverton SD 48J	45.4689477	-122.8832709
1165	Hiteon Elementary School	Beaverton SD 48J	45.4540728	-122.8189851
1166	Kinnaman Elementary School	Beaverton SD 48J	45.4893625	-122.8763133
1168	McKay Elementary School	Beaverton SD 48J	45.465543	-122.7783402
1169	McKinley Elementary School	Beaverton SD 48J	45.53030589999999	-122.8669544
1170	Montclair Elementary School	Beaverton SD 48J	45.4758657	-122.7513036
1171	Oak Hills Elementary School	Beaverton SD 48J	45.5388863	-122.8360763
1172	Raleigh Hills Elementary School	Beaverton SD 48J	45.4822017	-122.7584732
1173	Raleigh Park Elementary School	Beaverton SD 48J	45.4932913	-122.7563861
1174	Ridgewood Elementary School	Beaverton SD 48J	45.5025352	-122.7809084
1175	Rock Creek Elementary School	Beaverton SD 48J	45.5491614	-122.8685893
1176	Terra Linda Elementary School	Beaverton SD 48J	45.5331612	-122.8201651
1177	Vose Elementary School	Beaverton SD 48J	45.4684302	-122.7937567
1178	West Tualatin View Elementary School	Beaverton SD 48J	45.51502139999999	-122.7666224
1179	William Walker Elementary School	Beaverton SD 48J	45.5013465	-122.8001632
1180	Cedar Park Middle School	Beaverton SD 48J	45.5062029	-122.7920607
1181	Five Oaks Middle School	Beaverton SD 48J	45.53070719999999	-122.8534502
1182	Meadow Park Middle School	Beaverton SD 48J	45.5151874	-122.823564
1183	Mountain View Middle School	Beaverton SD 48J	45.47921969999999	-122.8561414
1184	Highland Park Middle School	Beaverton SD 48J	45.4689253	-122.8184768
1185	Whitford Middle School	Beaverton SD 48J	45.4631967	-122.7827836
1186	Aloha High School	Beaverton SD 48J	45.4847243	-122.8690143
1187	Beaverton High School	Beaverton SD 48J	45.48606119999999	-122.8107591
1188	Sunset High School	Beaverton SD 48J	45.5279148	-122.8198935
1189	Farmington View Elementary School	Hillsboro SD 1J	45.4602718	-122.991364
1190	North Plains Elementary School	Hillsboro SD 1J	45.6018794	-123.0065835
1191	Hawks View Elementary School	Sherwood SD 88J	45.35891480000001	-122.8412748
1192	Sherwood Middle School	Sherwood SD 88J	45.3567861	-122.8508373
1193	Sherwood High School	Sherwood SD 88J	45.3569585	-122.8706846
1194	Gaston Elementary School	Gaston SD 511J	45.4350451	-123.1424588
1195	Gaston Jr/Sr High School	Gaston SD 511J	45.4356275	-123.1438171
1196	R A Brown Middle School	Hillsboro SD 1J	45.5093795	-122.9032137
1197	Evergreen Jr High School	Hillsboro SD 1J		
1198	South Meadows Middle School	Hillsboro SD 1J	45.4932953	-122.9335822
1199	J W Poynter Middle School	Hillsboro SD 1J	45.5279922	-122.96595
1200	Glencoe High School	Hillsboro SD 1J	45.5414491	-122.9928832
1201	Hillsboro High School	Hillsboro SD 1J	45.4953412	-122.9581053
1205	Fossil Charter School	Fossil SD 21J	44.9686691	-120.1623797
1208	Amity Elementary School	Amity SD 4J	45.1224843	-123.2034919
1209	Amity Middle School	Amity SD 4J	45.1169155	-123.202475
1210	Amity High School	Amity SD 4J	45.1163019	-123.2020444
1211	Dayton Grade School	Dayton SD 8	45.2184508	-123.0782447
1212	Dayton High School	Dayton SD 8	45.21628940000001	-123.084516
1213	Yamhill Carlton Elementary School	Yamhill Carlton SD 1	45.2907525	-123.1732044
1216	Dundee Elementary School	Newberg SD 29J	45.2812413	-123.0110783
1217	Edwards Elementary School	Newberg SD 29J	45.2943658	-122.9716402
1218	Ewing Young Elementary School	Newberg SD 29J	45.32985679999999	-123.0573425
1219	Mabel Rush Elementary School	Newberg SD 29J	45.31075810000001	-122.9508378
1221	Mountain View Middle School	Newberg SD 29J	45.31424	-122.951914
1222	Newberg Senior High School	Newberg SD 29J	45.3295718	-122.9651975
1224	Willamina Elementary School	Willamina SD 30J	45.0859876	-123.4753873
1225	Willamina Middle School 	Willamina SD 30J	45.0844375	-123.4761476
1226	Willamina High School	Willamina SD 30J	45.0853341	-123.4757565
1228	Willamette Elementary School	McMinnville SD 40	45.2003029	-123.217311
1230	Memorial Elementary School	McMinnville SD 40	45.2185036	-123.2027197
1231	Newby Elementary School	McMinnville SD 40	45.2104657	-123.2090658
1232	Wascher Elementary School	McMinnville SD 40	45.2469599	-123.1062108
1233	Patton Middle School	McMinnville SD 40	45.222738	-123.1859997
1234	McMinnville High School	McMinnville SD 40	45.2193939	-123.1928911
1235	Faulconer-Chapman School	Sheridan SD 48J	45.0920108	-123.401357
1237	Sheridan High School	Sheridan SD 48J	45.095383	-123.393905
1238	Yamhill Carlton High School	Yamhill Carlton SD 1	45.3432748	-123.1868692
1240	Charlemagne French Immersion Elementary School	Eugene SD 4J	44.0021222	-123.101528
1241	Buena Vista Elementary School	Eugene SD 4J	44.0788715	-123.0764033
1243	Lane Middle School	Portland SD 1J	45.4713815	-122.6019562
1244	Chapman Hill Elementary School	Salem-Keizer SD 24J	44.9556409	-123.0776034
1248	Colton Middle School	Colton SD 53	45.1656775	-122.4234706
1254	Reynolds Middle School	Reynolds SD 7	45.5313496	-122.4555237
1259	Yujin Gakuen Elementary School	Eugene SD 4J	44.0274472	-123.0961589
1264	Mount Scott Elementary School	North Clackamas SD 12		
1266	Three Rivers Elementary School	Bend-LaPine Administrative SD 1	44.0453998	-121.3048315
1267	Lincoln Elementary School	Woodburn SD 103	45.1514058	-122.8598424
1268	French Prairie Middle School	Woodburn SD 103	45.1501077	-122.8597229
1270	Sexton Mountain Elementary School	Beaverton SD 48J	45.4593107	-122.8374668
1272	Boeckman Creek Primary School	West Linn-Wilsonville SD 3J	45.3093751	-122.7450207
1277	Jackson Middle School	Portland SD 1J	45.4486034	-122.7144401
1278	Markham Elementary School	Portland SD 1J	45.4494956	-122.7245404
1285	Jackson Elementary School	Hillsboro SD 1J	45.5436053	-122.9815696
1286	Willamette Primary School	West Linn-Wilsonville SD 3J	45.3431509	-122.6528098
1287	Athey Creek Middle School	West Linn-Wilsonville SD 3J	45.348758	-122.6732044
1288	Oak Creek Elementary School	Lake Oswego SD 7J	45.4270481	-122.7295506
1289	North Lake School	North Lake SD 14	43.2448168	-120.9027855
1291	Dayton Jr High School	Dayton SD 8	45.1747327	-123.0545584
1293	Sisters Middle School	Sisters SD 6	44.2930138	-121.5713925
1294	Sisters High School	Sisters SD 6	44.2963924	-121.5760991
1295	Culver Middle School	Culver SD 4	44.5220362	-121.2121253
1297	Territorial Elementary School	Junction City SD 69	44.1722836	-123.3124742
1299	Rieke Elementary School	Portland SD 1J	45.4764752	-122.6951463
1300	Hazelbrook Middle School	Tigard-Tualatin SD 23J	45.3928565	-122.7924462
1301	Tualatin High School	Tigard-Tualatin SD 23J	45.3590205	-122.7722557
1302	Tobias Elementary School	Hillsboro SD 1J	45.5119277	-122.8903721
1303	Nancy Ryles Elementary School	Beaverton SD 48J	45.4452169	-122.8431195
1304	Arts and Communication Magnet Academy	Beaverton SD 48J	45.4941644	-122.7941549
1305	Community School	Beaverton SD 48J	45.5014632	-122.8237771
1307	Cecile Trost Elementary School	Canby SD 86	45.256602	-122.6747229
1308	Elk Meadow Elementary School	Bend-LaPine Administrative SD 1		
1309	High Desert Middle School	Bend-LaPine Administrative SD 1		
1310	LaPine Middle School	Bend-LaPine Administrative SD 1		
1311	Central Linn Elementary School	Central Linn SD 552	44.3877476	-123.1108507
1312	Clear Creek Middle School	Gresham-Barlow SD 10J	45.5242982	-122.4376095
1313	Kelly Creek Elementary School	Gresham-Barlow SD 10J	45.4801741	-122.384625
1315	Duniway Middle School	McMinnville SD 40	45.2119328	-123.2094463
1317	Lava Ridge Elementary School	Bend-LaPine Administrative SD 1		
1319	Conestoga Middle School	Beaverton SD 48J	45.4467453	-122.8026698
1320	Westview High School	Beaverton SD 48J	45.5511152	-122.8653924
1321	Monroe Grade School	Monroe SD 1J	44.3121376	-123.2984695
1322	Franklin School	Corvallis SD 509J	44.574424	-123.273332
1323	Wilsonville High School	West Linn-Wilsonville SD 3J	45.3074236	-122.747698
1324	Amity Creek Elementary School	Bend-LaPine Administrative SD 1		
1325	Vern Patrick Elementary School	Redmond SD 2J	44.26305170000001	-121.2027644
1326	Elton Gregory Middle School	Redmond SD 2J	44.3046029	-121.1816002
1329	Crossler Middle School	Salem-Keizer SD 24J	44.8743692	-123.0634115
1330	Houck Middle School	Salem-Keizer SD 24J	44.9153359	-122.9717087
1331	Stephens Middle School	Salem-Keizer SD 24J	44.9903159	-122.9603484
1333	Sandstone Middle School	Hermiston SD 8	45.8432166	-119.2674869
1334	Archer Glen Elementary School	Sherwood SD 88J	45.3505678	-122.8432558
1335	Antonia Crater Elementary School	Newberg SD 29J	45.32544619999999	-122.9796019
1336	Chehalem Valley Middle School	Newberg SD 29J	45.3252683	-122.982764
1338	Bend Tech Academy	Bend-LaPine Administrative SD 1		
1339	Family School	Eugene SD 4J	44.01603009999999	-123.1101754
1343	Reynolds Learning Academy	Reynolds SD 7	45.5329475	-122.4555435
1345	Riverdale High School	Riverdale SD 51J	45.444835	-122.6646656
1350	Abraham Lincoln Elementary	Medford SD 549C		
1351	Parkside Elementary	Grants Pass SD 7		
1352	Riverbend Elementary School	Springfield SD 19	44.04806139999999	-122.9442679
1353	Agnes Stewart Middle School	Springfield SD 19	44.0378129	-122.9822436
1354	Gateways High School	Springfield SD 19	44.0492262	-123.0123457
1357	Vale Middle School	Vale SD 84	43.9791166	-117.2526334
1358	Howard Street Charter	Salem-Keizer SD 24J	44.9442165	-123.0326136
1359	Heritage Elementary	Woodburn SD 103	45.135123	-122.87126
1360	Valor Middle School	Woodburn SD 103	45.1352753	-122.8724234
1363	da Vinci Middle School	Portland SD 1J	45.52458540000001	-122.6401527
1364	Winterhaven School	Portland SD 1J	45.4949245	-122.6509067
1365	Woodland Elementary	Reynolds SD 7	45.5288574	-122.4399762
1368	Century High School	Hillsboro SD 1J	45.50422220000001	-122.9152989
1369	Deer Creek Elementary School	Tigard-Tualatin SD 23J	45.4024784	-122.8135534
1370	Findley Elementary	Beaverton SD 48J	45.5498222	-122.8116088
1773	Jefferson County Middle School	Jefferson County SD 509J	44.6342535	-121.1057174
1774	Edgewood Community Elementary School	Eugene SD 4J	44.00710489999999	-123.0900598
1791	Al Kennedy High School	South Lane SD 45J3	43.8041334	-120.5542012
1828	William P Lord High School	ODE YCEP District	45.15602	-122.8200465
1861	Twin Rivers Charter School	Eugene SD 4J	44.0319498	-123.0498107
2258	Monroe School	ODE YCEP District	43.8041334	-120.5542012
2260	New Bridge High School	ODE YCEP District	42.4318809	-123.3017576
2263	Walt Morey Middle School	Reynolds SD 7	45.5228463	-122.40738
2264	Meadow View School	Bethel SD 52	44.0826259	-123.2018757
2386	RiverBend High School	ODE YCEP District	45.337734	-118.2418887
2387	Ocean Dunes High School	ODE YCEP District	43.8041334	-120.5542012
2388	Riverside High School	ODE YCEP District	45.378001	-122.7061624
2392	Welches Middle School	Oregon Trail SD 46	45.3436066	-121.9469107
2413	Forest Park Elementary School	Portland SD 1J	45.5425002	-122.7773606
2714	Creekside Community High School	Tigard-Tualatin SD 23J	45.40394810000001	-122.7600142
2716	Plymouth High School	St Helens SD 502	45.8655616	-122.8149538
2723	Harrisburg Middle School	Harrisburg SD 7J	44.2714617	-123.1657382
2733	Sojourner School	North Clackamas SD 12	45.4332701	-122.6162903
2735	Oregon City Service Learning Academy	Oregon City SD 62	45.3096791	-122.5054263
2781	Scholls Heights Elementary School	Beaverton SD 48J	45.4303152	-122.8451224
2782	Stoller Middle School	Beaverton SD 48J	45.5572357	-122.8225169
2783	Southridge High School	Beaverton SD 48J	45.4499929	-122.8069958
2784	Grandhaven Elementary School	McMinnville SD 40	45.23236139999999	-123.1864176
2787	Rosemont Ridge Middle School	West Linn-Wilsonville SD 3J	45.36886759999999	-122.6478243
2994	Lourdes School	Scio SD 95	44.7164382	-122.6920394
3132	Rockville Elementary School	Jordan Valley SD 3	43.0604192	-117.2921854
3147	Lake Creek Learning Center	Eagle Point SD 9	42.4264655	-122.6222947
3159	Paul L Patterson Elementary School	Hillsboro SD 1J	45.5459893	-122.9925973
3160	Orenco Elementary School	Hillsboro SD 1J	45.5286364	-122.907345
3198	Spring Mountain Elementary School	North Clackamas SD 12	45.4372894	-122.5347954
3215	Miller Elementary School	Salem-Keizer SD 24J	44.9105568	-122.9664952
3216	Summit High School	Bend-LaPine Administrative SD 1		
3217	Sky View Middle School	Bend-LaPine Administrative SD 1		
3218	High Lakes Elementary School	Bend-LaPine Administrative SD 1		
3219	Highland School at Kenwood Elementary School	Bend-LaPine Administrative SD 1		
3221	Westside Village Magnet School at Kingston Elementary School	Bend-LaPine Administrative SD 1	44.0603118	-121.3293654
3222	Middleton Elementary School	Sherwood SD 88J	45.3493918	-122.8681043
3227	Destinations Academy	Coos Bay SD 9	43.376339	-124.2258389
3229	Village School	Eugene SD 4J	44.0190186	-123.0919461
3233	Ridgeline Montessori	Eugene SD 4J	44.006456	-123.076236
3240	Lincoln City Career Technical High School	Lincoln County SD	44.9608339	-124.015927
3247	Armadillo Community Charter School	Phoenix-Talent SD 4	42.27251930000001	-122.8183226
3342	Oak Grove Elementary	North Clackamas SD 12	45.4121051	-122.5865561
3347	Burnt River School	Burnt River SD 30J	44.4397621	-118.1919097
3348	Days Creek Charter School	Douglas County SD 15	42.96972299999999	-123.16611
3349	Prairie City School	Prairie City SD 4	44.4560813	-118.7092361
3350	Monument School	Monument SD 8	44.8207779	-119.4202385
3351	Huntington School	Huntington SD 16J	44.4071743	-117.3680555
3352	Jewell School	Jewell SD 8	45.9292004	-123.4980778
3353	Dayville School	Dayville SD 16J	44.4675126	-119.5377839
3356	Prospect Charter School	Prospect SD 59	42.7534614	-122.4894275
3360	Paisley School	Paisley SD 11	42.7276493	-120.7307462
3361	Eddyville Charter School	Lincoln County SD	44.63423909999999	-123.7777481
3362	Harper Charter School	Harper SD 66	44.0196214	-117.7923573
3363	Ione Community Charter School	Ione SD R2	45.4988694	-119.8286374
3364	Helix Charter School	Helix SD 1	45.8505383	-118.6540928
3365	North Powder Charter School	North Powder SD 8J	45.0284737	-117.9199386
3366	Long Creek School	Long Creek SD 17	44.7134246	-119.0995864
3372	Cascade Locks School	Hood River County SD	45.6672859	-121.8920822
3373	Claggett Creek Middle School	Salem-Keizer SD 24J	44.98468	-123.011287
3374	Weddle Elementary School	Salem-Keizer SD 24J	44.9858157	-123.0121636
3375	Lamb Elementary School	Salem-Keizer SD 24J	44.9759546	-122.9600005
3376	Hammond Elementary School	Salem-Keizer SD 24J	44.9587234	-122.9832401
3377	Hallman Elementary School	Salem-Keizer SD 24J	44.9777466	-122.9956009
3378	Perrydale School	Perrydale SD 21	45.0418507	-123.2574749
3400	Camas Valley School	Camas Valley SD 21J	43.0341586	-123.6756786
3401	Triangle Lake Charter School	Blachly SD 90	44.1653656	-123.6009365
3402	Dufur School	Dufur SD 29	45.45498689999999	-121.1235045
3403	Spray School	Spray SD 1	44.8342395	-119.7928163
3404	Mitchell School	Mitchell SD 55	44.5642086	-120.1467633
3426	Desert View Elementary School	Hermiston SD 8	45.8308062	-119.3049038
3432	Ukiah Charter School	Ukiah SD 80R	45.13403	-118.9324815
3433	Echo School	Echo SD 5	45.740136	-119.189904
3434	Cove Charter School	Cove SD 15	45.3377673	-117.7232603
3437	Jacob Wismer Elementary School	Beaverton SD 48J	45.5597713	-122.823411
3440	Kings Valley Charter School	Philomath SD 17J		
3448	Realms Middle School	Bend-LaPine Administrative SD 1		
3452	Three Rivers Charter School	West Linn-Wilsonville SD 3J	45.3672577	-122.7029566
3455	Bolton Primary School	West Linn-Wilsonville SD 3J	45.3699223	-122.6189453
3458	Big Muddy Elementary	Jefferson County SD 509J	44.84179229999999	-120.4683893
3461	Luckiamute Valley Charter School	Dallas SD 2	44.8484805	-123.388286
3463	West Salem High School	Salem-Keizer SD 24J	44.957441	-123.082841
3464	Ash Creek Elementary School	Central SD 13J	44.8617967	-123.2125008
3490	Multnomah Learning Academy	Reynolds SD 7	45.5440271	-122.4609248
3493	Eagle Cap Innovative Jr/Sr High School	Baker SD 5J	44.7778187	-117.8340315
3503	Riverview School	Lebanon Community SD 9	44.5262752	-122.8907527
3504	Pioneer School	Lebanon Community SD 9	44.55033330000001	-122.9141565
3505	Sand Ridge Charter School	Lebanon Community SD 9	44.4803313	-122.8698201
3525	Earl Boyles Elementary	David Douglas SD 40	45.4942283	-122.5517326
3526	Lee Elementary School	Salem-Keizer SD 24J	44.8741931	-123.003458
3528	Optimum Learning Environment Charter School	Salem-Keizer SD 24J	45.0333154	-123.0197449
3529	Forest Ridge Elementary School	Salem-Keizer SD 24J	45.0333154	-123.0197449
3530	Alder Creek Middle School	North Clackamas SD 12	45.4232018	-122.5940598
3536	Imlay Elementary School	Hillsboro SD 1J	45.5119009	-122.9211813
3543	Hogan Cedars Elementary School	Gresham-Barlow SD 10J	45.48441829999999	-122.4072373
3553	Center for Advanced Learning	Gresham-Barlow SD 10J	45.5080927	-122.4404626
3554	Innovation Academy	Medford SD 549C	42.3355353	-122.8703586
3566	Kalapuya High School	Bethel SD 52	44.0761858	-123.1717572
3567	Prairie Mountain School	Bethel SD 52	44.0761858	-123.1717572
3569	Lewis & Clark Elementary School	St Helens SD 502	45.8622957	-122.8076924
3577	Springwater Trail High School	Gresham-Barlow SD 10J	45.4863337	-122.4072344
3579	Multi-sensory Instruction Teaching Children Hands-On (MITCH)	Tigard-Tualatin SD 23J	45.399064	-122.7826248
3580	Arthur Academy	David Douglas SD 40	45.5042727	-122.5221382
3615	Lighthouse Charter School	Coos Bay SD 9	43.3381815	-124.3714521
3649	Butler Creek Elementary School	Centennial SD 28J	45.4727843	-122.4582497
3740	Burns High Desert Academy	Harney County SD 3	43.1423225	-119.0116305
3913	Boones Ferry Primary School	West Linn-Wilsonville SD 3J	45.3004182	-122.7950485
3947	Pine Ridge Elementary	Bend-LaPine Administrative SD 1		
3950	Albany Options School	Greater Albany Public SD 8J	44.6238594	-123.0940155
3986	Fern Hill Elementary School	Forest Grove SD 15	45.5145602	-123.0717143
3989	Salish Ponds Elementary School	Reynolds SD 7	45.5297271	-122.4524415
3991	Emerson School	Portland SD 1J	45.5104737	-122.6768968
4004	New Urban High School	North Clackamas SD 12	45.4169834	-122.6431995
4005	Milwaukie El Puente Elementary School	North Clackamas SD 12		
4018	Liberty High School	Hillsboro SD 1J	45.5619163	-122.9023301
4020	Eagle Rock Elementary School	Eagle Point SD 9	42.4841128	-122.7994689
4021	White Mountain Middle School	Eagle Point SD 9	42.4379307	-122.8280782
4025	Coquille Valley Elementary	Coquille SD 8	43.220875	-124.1112193
4038	Siletz Valley Schools	Lincoln County SD	44.72178359999999	-123.920113
4040	Four Rivers Community School	Oregon Department of Education	43.8041334	-120.5542012
4041	Network Charter School	Eugene SD 4J	44.0306731	-123.0923586
4045	West Lane Charter School	Fern Ridge SD 28J	44.0549235	-123.3552016
4047	Windy River Elementary School	Morrow SD 1	45.8270072	-119.7038318
4048	Irrigon Elementary School	Morrow SD 1	45.8861427	-119.4962432
4058	Willamette Leadership Academy	Springfield SD 19	43.9947946	-123.0084328
4068	Harritt Elementary School	Salem-Keizer SD 24J	44.9641551	-123.0640015
4079	Resource Link Charter School	Coos Bay SD 9	43.37661320000001	-124.2257228
4116	Hawthorne Alternative High School	Pendleton SD 16	45.6831787	-118.7951848
4129	Ensworth Elementary School	Bend-LaPine Administrative SD 1		
4146	Cesar Chavez Elementary School	Eugene SD 4J	44.0430059	-123.1161196
4157	Holt Elementary School	Eugene SD 4J	44.071291	-123.0547413
4202	Nixyaawii Community School	Pendleton SD 16	45.66624059999999	-118.6926422
4206	City View Charter School	Hillsboro SD 1J	45.53302499999999	-122.8788008
4210	Jane Goodall Environmental Middle Charter School	Salem-Keizer SD 24J	44.9666823	-123.0245562
4216	Reynolds Arthur Academy	Reynolds SD 7	45.5265889	-122.3885166
4220	Sherwood Charter School	Sherwood SD 88J	45.35120320000001	-122.8405521
4221	South Columbia Family School	Scappoose SD 1J	45.8131887	-122.8551647
4223	Clackamas Web Academy	North Clackamas SD 12	45.4295962	-122.5728989
4226	Clackamas Middle College	North Clackamas SD 12		
4230	Woodburn Arthur Academy	Woodburn SD 103	45.1409533	-122.8489699
4232	Ron Russell Middle School	David Douglas SD 40	45.4940359	-122.5492287
4342	Joan Austin Elementary School	Newberg SD 29J	45.3167352	-122.9682755
4364	Alberta Rider Elementary School	Tigard-Tualatin SD 23J	45.4119666	-122.8112274
4369	Milwaukie Academy of the Arts	North Clackamas SD 12	45.4411833	-122.6386716
4378	URCEO-Upper Rogue Center for Educational Opportunities	Eagle Point SD 9	42.470097	-122.7997617
4390	Valley Inquiry Charter School	Salem-Keizer SD 24J	45.0068474	-122.9425763
4391	Phoenix School	Douglas County SD 4	43.2128259	-123.3094566
4392	Pioneer Secondary Alternative High School	Crook County SD	44.30140919999999	-120.8403544
4395	Childs Way Charter School	South Lane SD 45J3	43.8041334	-120.5542012
4396	Vernonia Middle School	Vernonia SD 47J	45.8602675	-123.1788483
4399	Oregon Charter Academy	Santiam Canyon SD 129J	43.8041334	-120.5542012
4400	Portland Arthur Academy Charter School	Portland SD 1J	45.5174442	-122.5862645
4429	Tom McCall Elementary School	Redmond SD 2J	44.3045403	-121.1799657
4434	Baker Prairie Middle School	Canby SD 86	45.2578262	-122.6704822
4435	Philander Lee Elementary School	Canby SD 86	45.2544635	-122.6857964
4440	Academy of Arts and Academics	Springfield SD 19	44.0460749	-123.0180421
4474	International School of Beaverton	Beaverton SD 48J	45.4903044	-122.8599149
4475	Cascade Heights Public Charter School	North Clackamas SD 12	45.4120678	-122.5693681
4476	TRAILS Outdoor School	Ashland SD 5	42.1917981	-122.687271
4480	Springwater Environmental Sciences School	Oregon City SD 62	45.36662680000001	-122.4657643
4481	Neah-Kah-Nie Middle School	Neah-Kah-Nie SD 56	45.6399437	-123.9391657
4484	Sweet Home Charter School	Sweet Home SD 55	44.431748	-122.7878061
4507	Alliance High School	Portland SD 1J	45.526096	-122.650227
4534	Portland Village School	Portland SD 1J	45.48937979999999	-122.6729481
4544	Woodburn Success	Woodburn SD 103	45.139902	-122.8515637
4545	EagleRidge High School	Klamath Falls City Schools	42.2232222	-121.7773587
4554	Arts and Technology Academy at Jefferson	Eugene SD 4J	44.0356688	-123.1151594
4555	Academy for Character Education	South Lane SD 45J3	43.8041334	-120.5542012
4557	Crater Academy of Health and Public Services	Central Point SD 6	42.3802742	-122.9219877
4559	Crater School of Business Innovation and Science	Central Point SD 6	42.3796583	-122.9212724
4561	Crater Renaissance Academy	Central Point SD 6	42.379753	-122.9209834
4564	Yamhill Carlton Intermediate School	Yamhill Carlton SD 1	45.3418266	-123.1857314
4585	Alliance Charter Academy	Oregon City SD 62	45.3737086	-122.5791879
4588	Trask River High School	ODE YCEP District	45.424784	-123.7964416
4589	Early College High School	Salem-Keizer SD 24J	44.9739021	-122.9809428
4592	Corbett School	Corbett SD 39	45.5298688	-122.2956322
4593	Madrone Trail Public Charter School	Medford SD 549C		
4595	Forest Grove Community School	Forest Grove SD 15	45.5194248	-123.1132755
4596	Roberts High School	Salem-Keizer SD 24J	44.9254493	-122.9889602
4601	Gresham Arthur Academy	Gresham-Barlow SD 10J	45.5109037	-122.4198986
4602	St Helens Arthur Academy	St Helens SD 502	45.86709889999999	-122.8866312
4604	The Cottonwood School of Civics and Science	Oregon Department of Education	45.5047966	-122.6780857
4609	Three Lakes High School	ODE YCEP District	43.8041334	-120.5542012
4637	Inavale Community Partners dba Muddy Creek Charter School 	Corvallis SD 509J	44.4597765	-123.3377789
4638	Beaverton Academy of Science and Engineering	Beaverton SD 48J		
4639	Sue Buel Elementary	McMinnville SD 40	45.1942149	-123.196813
4641	Free Orchards Elementary School	Hillsboro SD 1J	45.5175621	-123.0415047
4642	Lincoln Street Elementary School	Hillsboro SD 1J	45.5241212	-122.9773268
4643	Quatama Elementary School	Hillsboro SD 1J	45.5327518	-122.908767
4646	Ponderosa Elementary	Bend-LaPine Administrative SD 1		
4667	Lewis and Clark Montessori Charter School	Gresham-Barlow SD 10J		
4670	Summit Learning Charter	Estacada SD 108	45.361576	-122.3524856
4671	Bonny Slope Elementary School	Beaverton SD 48J	45.5394583	-122.7975344
4680	William E Miller Elementary	Bend-LaPine Administrative SD 1		
4690	Evergreen Virtual Academy	North Bend SD 13	43.40674790000001	-124.2214836
4702	Silvies River Charter School	Harney County Union High SD 1J	43.589327	-119.0495091
4703	Rosedale Elementary School	Hillsboro SD 1J	45.4915944	-122.914332
4712	Springville Elementary School	Beaverton SD 48J	45.568257	-122.851307
4713	Scouters Mountain Elementary	North Clackamas SD 12	45.44358159999999	-122.4882396
4714	Verne A Duncan Elementary School	North Clackamas SD 12	45.415363	-122.4873372
4715	Happy Valley Middle School	North Clackamas SD 12	45.4475793	-122.5184817
4720	The Ivy School	Oregon Department of Education		
4728	Baker Web Academy	Baker SD 5J	44.7784883	-117.8435595
4729	Redmond Proficiency Academy	Redmond SD 2J	44.2707547	-121.175088
4730	Ridges Elementary School	Sherwood SD 88J	45.3645963	-122.863822
4739	Camas Ridge Community Elementary 	Eugene SD 4J	44.024961	-123.076456
4740	Metro East Web Academy	Gresham-Barlow SD 10J	45.500535	-122.4317432
4744	Timber Ridge School	Greater Albany Public SD 8J	44.6472517	-123.0410607
4745	Molalla River Academy	Molalla River SD 35	45.1209535	-122.5214197
4746	The Community Roots School	Silver Falls SD 4J		
4759	Baker Early College	Baker SD 5J	44.7748748	-117.8343848
4762	Ardenwald Elementary School	North Clackamas SD 12	45.4578315	-122.624454
4763	Happy Valley Elementary School	North Clackamas SD 12	45.4475524	-122.5172475
4764	Lewelling Elementary School	North Clackamas SD 12	45.45102929999999	-122.6076505
4765	Linwood Elementary School	North Clackamas SD 12	45.4362765	-122.5997675
4766	Oregon Trail Elementary School	North Clackamas SD 12	45.4220869	-122.5078367
4767	Rock Creek Middle School	North Clackamas SD 12	45.4187623	-122.5293171
4793	Rosland Elementary	Bend-LaPine Administrative SD 1		
4802	Clackamas Academy of Industrial Sciences	Oregon City SD 62	45.3562549	-122.597024
4805	Arco Iris Spanish Immersion School	Beaverton SD 48J	45.46011439999999	-122.7938525
4820	Oregon Trail Academy	Oregon Trail SD 46	45.454677	-122.2897227
4821	Logos Charter School	Medford SD 549C		
4822	Rockwood Preparatory Academy	Reynolds SD 7	45.5171842	-122.4754842
4823	Sunny Wolf Charter School	Three Rivers/Josephine County SD	42.695477	-123.398068
4833	Sheridan AllPrep Academy	Sheridan SD 48J	45.1012177	-123.3984912
4848	Falcon Heights	Klamath County SD	42.69527670000001	-121.6142133
4850	Eagle Charter School	Oregon Department of Education		
4856	Rivers Edge Academy Charter School	Rogue River SD 35	42.5390291	-123.1632571
4857	Winter Lakes High	Coquille SD 8	43.1845907	-124.2062558
4858	Kalapuya Elementary School	Salem-Keizer SD 24J	44.96444109999999	-123.0753708
4859	Straub Middle School	Salem-Keizer SD 24J	44.9620383	-123.0757622
4867	Hope Chinese Charter School	Beaverton SD 48J	45.4946694	-122.783813
4973	Hillsboro Online Academy	Hillsboro SD 1J	45.5183672	-122.9840169
5056	Lowrie Primary School	West Linn-Wilsonville SD 3J	45.31060009999999	-122.7873933
5057	Trillium Creek Primary School	West Linn-Wilsonville SD 3J	45.374632	-122.6511782
5058	Ridgeview High School	Redmond SD 2J	44.2352372	-121.2175388
5059	Two Rivers Dos Rios Elementary 	Springfield SD 19	44.0525571	-123.0107628
5060	Le Monde French Immersion Public Charter School	Portland SD 1J	45.5226317	-122.6446852
5063	Woodland Charter School	Three Rivers/Josephine County SD	42.3340786	-123.3373948
5064	Cesar E Chavez Elementary	Salem-Keizer SD 24J	44.95540769999999	-123.0225067
5066	Battle Creek Elementary School	Salem-Keizer SD 24J	44.864076	-123.0259749
5150	Insight School of Oregon Painted Hills	Mitchell SD 55	44.5602911	-120.0281782
5201	Dillard Alternative High School	Winston-Dillard SD 116	43.074281	-123.5283578
5205	Kids Unlimited Academy	Medford SD 549C		
5218	Kairos PDX	Portland SD 1J	45.558482	-122.6697
5250	Innovations Academy	North Wasco County SD 21	45.0600051	-121.2375121
5251	Crater Lake Academy	Eagle Point SD 9	42.4609975	-122.8261864
5252	Mountain View Academy	Lowell SD 71	43.9175858	-122.7845653
5292	Pacific Crest Middle School	Bend-LaPine Administrative SD 1		
5293	Silver Rail Elementary School	Bend-LaPine Administrative SD 1		
5296	Ferndale Elementary School	Milton-Freewater Unified SD 7	45.9809826	-118.4025376
5298	Dallas Community Charter	Dallas SD 2	44.9080765	-123.3584338
5302	Barnes Butte Elementary	Crook County SD	44.3082232	-120.8247914
5304	The Valley School of Southern Oregon	Medford SD 549C	42.335982	-122.843595
5309	Bend International School	Bend-LaPine Administrative SD 1		
5349	Bridge Charter Academy	Lowell SD 71	43.9171922	-122.7801662
5355	Klamath Learning Center	Klamath Falls City Schools	42.22193679999999	-121.7767923
5357	Sutherlin Valley Online Academy	Sutherlin SD 130	43.3996478	-123.0864727
5359	Bridges High School	Jefferson County SD 509J	44.6297836	-121.1314697
5377	Meridian Creek Middle School	West Linn-Wilsonville SD 3J	45.3150729	-122.7414406
5380	Cascade Opportunity Center	Cascade SD 5	44.8078199	-122.9144057
5381	Mountainside High School	Beaverton SD 48J	45.4278573	-122.8560224
5382	Sato Elementary School	Beaverton SD 48J	45.5754989	-122.8382047
5384	Desert Sky Montessori	Bend-LaPine Administrative SD 1		
5385	The Cannon Beach Academy	Seaside SD 10	45.86766069999999	-123.9595201
5392	Frontier Charter Academy	Gervais SD 1	45.1055011	-122.8972577
5408	Chinese Language Immersion School	Eugene SD 4J	44.0021222	-123.101528
5427	Rose City Park	Portland SD 1J	45.5422181	-122.6046113
5428	Realms High School	Bend-LaPine Administrative SD 1		
5433	Morrow Education Center	Morrow SD 1	45.8957612	-119.5081873
5434	Gib Olinger Elementary School	Milton-Freewater Unified SD 7	45.926654	-118.3823643
5440	Cascade Virtual Academy	Mitchell SD 55	44.5602911	-120.0281782
5441	Destinations Career Academy of Oregon	Mitchell SD 55	44.566525	-120.153341
5443	South Valley Academy	Rogue River SD 35	42.4322037	-123.1625493
5444	TEACH-NW	Marcola SD 79J	44.1732515	-122.8591736
5446	Oregon Family School	Harney County SD 4	43.1423225	-119.0116305
5451	Beatrice Morrow Cannady Elementary	North Clackamas SD 12		
5452	North Star Elementary	Bend-LaPine Administrative SD 1		
5455	Harmony Academy	Lake Oswego SD 7J	45.4023812	-122.651938
5457	Willamette Connections Academy	Scio SD 95	44.7058478	-122.8525176
5489	Steins Pillar Elementary	Crook County SD	44.3947413	-120.6239844
5491	Oregon International School	Baker SD 5J	44.7748748	-117.8343848
5492	Philomath Academy	Philomath SD 17J	44.5386244	-123.3627349
5496	Marshfield Junior High	Coos Bay SD 9	43.3619807	-124.2199999
5498	Winter Lakes Elementary	Coquille SD 8	43.1900294	-124.1955922
5500	Hugh Hartman Elementary	Redmond SD 2J	44.27738189999999	-121.1918004
5505	Southern Oregon Success Academy	Three Rivers/Josephine County SD	42.5149626	-123.4195027
5506	FLEX Online School	Beaverton SD 48J	45.5271753	-122.8688244
5510	Medford Online Academy	Medford SD 549C		
5604	Baker Virtual Academy	Baker SD 5J	44.7748748	-117.8343848
5620	North Santiam Options Academy	North Santiam SD 29J	44.805651	-122.6498531
5622	Oregon Connections Academy	Prairie City SD 4	44.4560504	-118.7091931
5649	Adrienne C. Nelson High School	North Clackamas SD 12		
5650	Caldera High School	Bend-LaPine Administrative SD 1		
5652	Tumwater Middle School	Beaverton SD 48J	45.5237896	-122.797808
5664	Warrenton Middle School	Warrenton-Hammond SD 30	46.14072789999999	-123.915802
5668	Scappoose Online Academy	Scappoose SD 1J	45.7503786	-122.8760608
5669	South Umpqua Online Academy	South Umpqua SD 19	43.0324748	-123.2301821
5670	Roseburg Virtual School	Douglas County SD 4		
5671	Atfalati Ridge	Hillsboro SD 1J	45.5929794	-122.9775698
5677	Palisades World Language School	Lake Oswego SD 7J	45.4018456	-122.6924623
5678	GPFLEX School	Grants Pass SD 7	42.4436636	-123.3198467
5680	Gladiola High School	Grants Pass SD 7	42.4275548	-123.2950231
5682	Klamath Home Learning Academy	Klamath Falls City Schools	42.2301051	-121.7986314
5685	Phoenix-Talent Rising Academy	Phoenix-Talent SD 4	42.2764473	-122.8246777
5686	St. Helens Virtual Academy	St Helens SD 502	45.9066215	-122.9449414
5687	Tigard-Tualatin Virtual Academy	Tigard-Tualatin SD 23J	45.4124712	-122.7732368
5689	509J On-Line	Jefferson County SD 509J		
5690	Compass K-12 Online School	Lincoln County SD	44.609549	-123.942359
5717	Loma Vista Elementary	Hermiston SD 8	45.8591834	-119.2701436
5720	Colton Virtual Academy	Colton SD 53	45.0692324	-122.3433502
5721	Oliver Middle	Centennial SD 28J	45.5154401	-122.5000648
5722	Warrior Academy	Warrenton-Hammond SD 30	46.0722195	-123.5147923
5723	Nyssa Virtual School	Nyssa SD 26	43.6937572	-117.3882666
5728	Wallowa Middle School	Wallowa SD 12		
5732	HOLLA School	Reynolds SD 7	45.51976759999999	-122.5137921
5799	Riverside High School	West Linn-Wilsonville SD 3J	45.378001	-122.7061624
5809	Virtual Preparatory Academy of Oregon	Prairie City SD 4	44.4562469	-118.709155
5814	Tamarack Elementary School	Hillsboro SD 1J	45.48919040000001	-122.906858
5815	Oakdale Middle School	Medford SD 549C		
5817	Clark Elementary School	Portland SD 1J	45.513621	-122.5696116
5819	Art Rutkin Elementary School	Tigard-Tualatin SD 23J	45.4066884	-122.8454417
5821	Kalmiopsis Community Arts High School	Three Rivers/Josephine County SD	42.1660586	-123.6446267
5831	Catalyst High School 	Newberg SD 29J	45.3097867	-122.9507188
5850	Community Alternative Learning Center	Forest Grove SD 15	45.5082651	-123.0989632
